state,district,market,commodity,variety,grade,series_id,total_observations,initial_train_observations,initial_train_start,initial_train_end,validation_start,validation_end,validation_observations,test_start,test_end,test_observations
Gujarat,Dahod,Dahod (Veg. Market),Onion,Onion,FAQ,240bef14621574cd,612,492,2024-01-01,2025-06-09,2025-06-10,2025-08-13,60,2025-08-14,2025-11-04,60
Gujarat,Kheda,Kapadvanj,Onion,Other,FAQ,a71c104fe631e8bb,526,406,2024-01-03,2025-06-05,2025-06-06,2025-08-06,60,2025-08-07,2025-11-04,60
Gujarat,Navsari,Bilimora,Onion,Nasik,FAQ,106cbf2f08373602,552,432,2024-01-11,2025-06-14,2025-06-16,2025-08-16,60,2025-08-17,2025-11-05,60
Gujarat,Dahod,Dahod (Veg. Market),Potato,Potato,FAQ,314b4dfffac5b7bc,627,507,2024-01-01,2025-06-15,2025-06-16,2025-08-19,60,2025-08-20,2025-11-03,60
Gujarat,Kheda,Kapadvanj,Potato,Other,FAQ,d6e713530bb54f8c,540,420,2024-01-04,2025-06-03,2025-06-04,2025-08-03,60,2025-08-04,2025-11-04,60
Gujarat,Navsari,Bilimora,Potato,Other,FAQ,deff683fe4455392,547,427,2024-01-11,2025-06-09,2025-06-10,2025-08-12,60,2025-08-13,2025-11-05,60
Gujarat,Dahod,Dahod (Veg. Market),Tomato,Tomato,FAQ,518f332aced6b913,633,513,2024-01-01,2025-06-21,2025-06-22,2025-08-25,60,2025-08-26,2025-11-03,60
Gujarat,Navsari,Bilimora,Tomato,Other,FAQ,f17a4491dc2d8470,558,438,2024-01-11,2025-06-20,2025-06-21,2025-08-21,60,2025-08-22,2025-11-05,60
Gujarat,Navsari,Navsari,Tomato,Other,FAQ,a756f343bb8d8ca0,559,439,2024-01-03,2025-06-23,2025-06-24,2025-08-22,60,2025-08-23,2025-11-05,60
