policy,commodity,gap_band_days,comparisons,mae,rmse,smape
validation_selected,Onion,1,138,70.1086956521739,137.406699813018,5.61620172877211
validation_selected,Onion,2–3,37,110.907335907336,145.192067099389,8.94317506921833
validation_selected,Onion,4–7,4,107.142857142857,134.392055158763,8.02176231471893
validation_selected,Onion,8+,1,250,250,21.2765957446809
validation_selected,Potato,1,140,39.8214285714286,81.6978406814505,2.99355510023633
validation_selected,Potato,2–3,35,74.6938775510204,147.84654403499,4.78869981831539
validation_selected,Potato,4–7,3,211.904761904762,245.815316992305,14.0010554644701
validation_selected,Potato,8+,2,262.5,308.727225880712,17.2216330858961
validation_selected,Tomato,1,169,207.100591715976,340.455229528949,11.2950558196469
validation_selected,Tomato,2–3,4,418.75,493.235491423721,21.9293196730747
validation_selected,Tomato,4–7,4,500,648.074069840786,34.7985347985348
validation_selected,Tomato,8+,3,691.666666666667,756.224173112709,46.9474969474969
naive,Onion,1,138,84.963768115942,173.270438700709,6.95374924125835
naive,Onion,2–3,37,130.405405405405,201.472619023569,10.3321113938206
naive,Onion,4–7,4,50,70.7106781186548,3.89805097451274
naive,Onion,8+,1,250,250,21.2765957446809
naive,Potato,1,140,44.8214285714286,92.733296532121,3.35617545064112
naive,Potato,2–3,35,85.7142857142857,154.688627340769,5.64816730829713
naive,Potato,4–7,3,200,244.948974278318,13.0977130977131
naive,Potato,8+,2,262.5,308.727225880712,17.2216330858961
naive,Tomato,1,169,207.100591715976,340.455229528949,11.2950558196469
naive,Tomato,2–3,4,418.75,493.235491423721,21.9293196730747
naive,Tomato,4–7,4,500,648.074069840786,34.7985347985348
naive,Tomato,8+,3,691.666666666667,756.224173112709,46.9474969474969
