phase,baseline,series,mean_mae,median_mae,median_rmse,mean_smape,phase_wins,validation_selections
test,historical_mean,9,644.013529636116,524.607608128149,639.968044895694,37.2307234234622,0,0
test,historical_median,9,444.053703703704,461.666666666667,565.538091849995,26.6622242678327,0,0
test,naive,9,126.203703703704,102.5,142.156017576933,8.14199904278164,7,7
test,rolling_mean_3,9,142.962962962963,85,117.811839938224,9.00729450133898,0,0
test,rolling_mean_5,9,159.333333333333,83.5,118.666198500949,9.88534016447424,0,0
test,rolling_mean_7,9,175.747354497354,85,127.108074428944,10.7570944947751,0,2
test,rolling_median_5,9,158.842592592593,77.5,134.164078649987,9.86650338604623,2,0
validation,historical_mean,9,833.039882792447,890.011984625573,939.7703970691,39.802499153433,0,0
validation,historical_median,9,810.028703703704,705.833333333333,731.123564568033,38.7304349586889,0,0
validation,naive,9,144.212962962963,127.5,160.597841413472,7.13710967222388,7,7
validation,rolling_mean_3,9,163.487654320988,107.222222222222,134.50870824074,7.88838180226254,0,0
validation,rolling_mean_5,9,180.842592592593,107.166666666667,131.497781983829,8.59159117598306,0,0
validation,rolling_mean_7,9,198.181216931217,97.6190476190476,121.820097087557,9.25745186857269,2,2
validation,rolling_median_5,9,178.472222222222,110,137.840487520902,8.5825389807066,0,0
