state,district,market,commodity,variety,grade,series_id,phase,date,actual_modal_price,predicted_modal_price,baseline,absolute_error,squared_error,previous_observation_date,gap_days,train_observations,target_observation_index,gap_band,previous_modal_price,observed_price_change_pct
Gujarat,Navsari,Bilimora,Onion,Nasik,FAQ,106cbf2f08373602,test,2025-09-12,1600,1400,naive,200,40000,2025-09-11,1,515,516,1,1400,14.2857142857143
Gujarat,Navsari,Bilimora,Onion,Nasik,FAQ,106cbf2f08373602,test,2025-09-14,1400,1600,naive,200,40000,2025-09-13,1,517,518,1,1600,-12.5
Gujarat,Navsari,Bilimora,Onion,Nasik,FAQ,106cbf2f08373602,test,2025-10-01,1500,1300,naive,200,40000,2025-09-29,2,530,531,2–3,1300,15.3846153846154
Gujarat,Dahod,Dahod (Veg. Market),Onion,Onion,FAQ,240bef14621574cd,test,2025-08-25,1800,1292.85714285714,rolling_mean_7,507.142857142857,257193.87755102,2025-08-24,1,563,564,1,1150,56.5217391304348
Gujarat,Dahod,Dahod (Veg. Market),Onion,Onion,FAQ,240bef14621574cd,test,2025-09-27,1500,1042.85714285714,rolling_mean_7,457.142857142857,208979.591836735,2025-09-26,1,589,590,1,1000,50
Gujarat,Dahod,Dahod (Veg. Market),Onion,Onion,FAQ,240bef14621574cd,test,2025-09-22,700,1128.57142857143,rolling_mean_7,428.571428571429,183673.469387755,2025-09-21,1,584,585,1,1200,-41.6666666666667
Gujarat,Dahod,Dahod (Veg. Market),Potato,Potato,FAQ,314b4dfffac5b7bc,test,2025-10-31,1800,1328.57142857143,rolling_mean_7,471.428571428571,222244.897959184,2025-10-29,2,624,625,2–3,1400,28.5714285714286
Gujarat,Dahod,Dahod (Veg. Market),Potato,Potato,FAQ,314b4dfffac5b7bc,test,2025-09-12,1500,1142.85714285714,rolling_mean_7,357.142857142857,127551.020408163,2025-09-11,1,587,588,1,1200,25
Gujarat,Dahod,Dahod (Veg. Market),Potato,Potato,FAQ,314b4dfffac5b7bc,test,2025-09-30,1400,1157.14285714286,rolling_mean_7,242.857142857143,58979.5918367347,2025-09-28,2,600,601,2–3,1200,16.6666666666667
Gujarat,Dahod,Dahod (Veg. Market),Tomato,Tomato,FAQ,518f332aced6b913,test,2025-10-27,1000,2000,naive,1000,1000000,2025-10-23,4,628,629,4–7,2000,-50
Gujarat,Dahod,Dahod (Veg. Market),Tomato,Tomato,FAQ,518f332aced6b913,test,2025-08-26,2000,2800,naive,800,640000,2025-08-25,1,573,574,1,2800,-28.5714285714286
Gujarat,Dahod,Dahod (Veg. Market),Tomato,Tomato,FAQ,518f332aced6b913,test,2025-10-31,1800,1000,naive,800,640000,2025-10-27,4,629,630,4–7,1000,80
Gujarat,Kheda,Kapadvanj,Onion,Other,FAQ,a71c104fe631e8bb,test,2025-09-22,1025,1300,naive,275,75625,2025-09-19,3,504,505,2–3,1300,-21.1538461538462
Gujarat,Kheda,Kapadvanj,Onion,Other,FAQ,a71c104fe631e8bb,test,2025-10-27,1300,1050,naive,250,62500,2025-10-17,10,522,523,8+,1050,23.8095238095238
Gujarat,Kheda,Kapadvanj,Onion,Other,FAQ,a71c104fe631e8bb,test,2025-10-01,1200,1025,naive,175,30625,2025-09-29,2,509,510,2–3,1025,17.0731707317073
Gujarat,Navsari,Navsari,Tomato,Other,FAQ,a756f343bb8d8ca0,test,2025-08-25,2500,4500,naive,2000,4000000,2025-08-24,1,501,502,1,4500,-44.4444444444444
Gujarat,Navsari,Navsari,Tomato,Other,FAQ,a756f343bb8d8ca0,test,2025-10-12,2500,1325,naive,1175,1380625,2025-10-11,1,548,549,1,1325,88.6792452830189
Gujarat,Navsari,Navsari,Tomato,Other,FAQ,a756f343bb8d8ca0,test,2025-08-24,4500,3500,naive,1000,1000000,2025-08-23,1,500,501,1,3500,28.5714285714286
Gujarat,Kheda,Kapadvanj,Potato,Other,FAQ,d6e713530bb54f8c,test,2025-11-02,1200,1650,naive,450,202500,2025-10-30,3,538,539,2–3,1650,-27.2727272727273
Gujarat,Kheda,Kapadvanj,Potato,Other,FAQ,d6e713530bb54f8c,test,2025-10-30,1650,1225,naive,425,180625,2025-10-17,13,537,538,8+,1225,34.6938775510204
Gujarat,Kheda,Kapadvanj,Potato,Other,FAQ,d6e713530bb54f8c,test,2025-10-04,1450,1150,naive,300,90000,2025-09-30,4,527,528,4–7,1150,26.0869565217391
Gujarat,Navsari,Bilimora,Potato,Other,FAQ,deff683fe4455392,test,2025-11-05,2800,2400,naive,400,160000,2025-11-03,2,546,547,2–3,2400,16.6666666666667
Gujarat,Navsari,Bilimora,Potato,Other,FAQ,deff683fe4455392,test,2025-09-10,2000,1700,naive,300,90000,2025-09-09,1,513,514,1,1700,17.6470588235294
Gujarat,Navsari,Bilimora,Potato,Other,FAQ,deff683fe4455392,test,2025-09-12,1700,2000,naive,300,90000,2025-09-11,1,515,516,1,2000,-15
Gujarat,Navsari,Bilimora,Tomato,Other,FAQ,f17a4491dc2d8470,test,2025-10-27,1200,2000,naive,800,640000,2025-10-18,9,554,555,8+,2000,-40
Gujarat,Navsari,Bilimora,Tomato,Other,FAQ,f17a4491dc2d8470,test,2025-08-29,2200,2800,naive,600,360000,2025-08-28,1,505,506,1,2800,-21.4285714285714
Gujarat,Navsari,Bilimora,Tomato,Other,FAQ,f17a4491dc2d8470,test,2025-09-01,2800,2200,naive,600,360000,2025-08-31,1,508,509,1,2200,27.2727272727273
