state,district,market,commodity,variety,grade,series_id,phase,baseline,train_observations,last_train_observations,evaluation_observations,evaluation_start,evaluation_end,mae,rmse,smape,rank,is_phase_best,is_phase_worst,selected_on_validation,validation_mae,validation_rmse,naive_test_mae,mae_improvement_over_naive_pct
Gujarat,Dahod,Dahod (Veg. Market),Onion,Onion,FAQ,240bef14621574cd,test,rolling_mean_7,552,611,60,2025-08-14,2025-11-04,185.952380952381,222.026841547023,15.0623640392952,3,False,False,True,218.809523809524,324.414700590438,228.333333333333,18.5610010427529
Gujarat,Kheda,Kapadvanj,Onion,Other,FAQ,a71c104fe631e8bb,test,naive,466,525,60,2025-08-07,2025-11-04,23.3333333333333,64.8716681867619,1.95999753684187,1,True,False,True,13.3333333333333,53.2290647422377,23.3333333333333,0
Gujarat,Navsari,Bilimora,Onion,Nasik,FAQ,106cbf2f08373602,test,naive,492,551,60,2025-08-17,2025-11-05,31.6666666666667,71.8795288428261,2.29925444278268,1,True,False,True,33.3333333333333,79.5822425754221,31.6666666666667,0
Gujarat,Dahod,Dahod (Veg. Market),Potato,Potato,FAQ,314b4dfffac5b7bc,test,rolling_mean_7,567,626,60,2025-08-20,2025-11-03,85,120.542989198451,6.67048303097841,4,False,False,True,97.6190476190476,121.820097087557,102.5,17.0731707317073
Gujarat,Kheda,Kapadvanj,Potato,Other,FAQ,d6e713530bb54f8c,test,naive,480,539,60,2025-08-04,2025-11-04,30.8333333333333,96.5703543191871,2.36546155810365,1,True,False,True,6.66666666666667,21.4087209644419,30.8333333333333,0
Gujarat,Navsari,Bilimora,Potato,Other,FAQ,deff683fe4455392,test,naive,487,546,60,2025-08-13,2025-11-05,40,103.279555898864,2.01653274824007,1,True,False,True,10,31.6227766016838,40,0
Gujarat,Dahod,Dahod (Veg. Market),Tomato,Tomato,FAQ,518f332aced6b913,test,naive,573,632,60,2025-08-26,2025-11-03,240,357.887319324579,15.1051683659049,1,True,False,True,335,441.871021905714,240,0
Gujarat,Navsari,Bilimora,Tomato,Other,FAQ,f17a4491dc2d8470,test,naive,498,557,60,2025-08-22,2025-11-05,148.333333333333,247.318957353994,8.04156448547843,1,True,False,True,248.333333333333,415.331193145904,148.333333333333,0
Gujarat,Navsari,Navsari,Tomato,Other,FAQ,a756f343bb8d8ca0,test,naive,499,558,60,2025-08-23,2025-11-05,290.833333333333,458.303029301211,14.7969061861042,1,True,False,True,268.75,532.53521010352,290.833333333333,0
