state,district,market,commodity,variety,grade,series_id,source_rows,warmup_rows_removed,usable_rows,train_rows,validation_rows,test_rows
Gujarat,Dahod,Dahod (Veg. Market),Onion,Onion,FAQ,240bef14621574cd,612,7,605,485,60,60
Gujarat,Dahod,Dahod (Veg. Market),Potato,Potato,FAQ,314b4dfffac5b7bc,627,7,620,500,60,60
Gujarat,Dahod,Dahod (Veg. Market),Tomato,Tomato,FAQ,518f332aced6b913,633,7,626,506,60,60
Gujarat,Kheda,Kapadvanj,Onion,Other,FAQ,a71c104fe631e8bb,526,7,519,399,60,60
Gujarat,Kheda,Kapadvanj,Potato,Other,FAQ,d6e713530bb54f8c,540,7,533,413,60,60
Gujarat,Navsari,Bilimora,Onion,Nasik,FAQ,106cbf2f08373602,552,7,545,425,60,60
Gujarat,Navsari,Bilimora,Potato,Other,FAQ,deff683fe4455392,547,7,540,420,60,60
Gujarat,Navsari,Bilimora,Tomato,Other,FAQ,f17a4491dc2d8470,558,7,551,431,60,60
Gujarat,Navsari,Navsari,Tomato,Other,FAQ,a756f343bb8d8ca0,559,7,552,432,60,60
