state,district,market,commodity,variety,grade,series_id,observation_count,first_date,last_date,span_days,distinct_dates,coverage_ratio,median_gap_days,max_gap_days,missing_calendar_days,recency_days,observed_months,modal_median,modal_std,modal_iqr,modal_cv,outlier_screened,outlier_count,readiness_status,readiness_reason
Gujarat,Dahod,Dahod (Veg. Market),Onion,Onion,FAQ,240bef14621574cd,612,2024-01-01,2025-11-04,674,612,0.9080118694,0,4,62,55,23,1800,1016.043735,1450,0.4858908114,True,0,eligible,meets_historical_baseline_screen
Gujarat,Navsari,Bilimora,Onion,Nasik,FAQ,106cbf2f08373602,552,2024-01-11,2025-11-05,665,552,0.830075188,0,18,113,54,23,1875,1111.717985,1600,0.474424683,True,0,eligible,meets_historical_baseline_screen
Gujarat,Kheda,Kapadvanj,Onion,Other,FAQ,a71c104fe631e8bb,526,2024-01-03,2025-11-04,672,526,0.7827380952,0,9,146,55,23,1750,1012.975867,1275,0.4883865276,True,0,eligible,meets_historical_baseline_screen
Gujarat,Dahod,Dahod (Veg. Market),Potato,Potato,FAQ,314b4dfffac5b7bc,627,2024-01-01,2025-11-03,673,627,0.9316493314,0,3,46,56,23,1500,569.8096029,1100,0.3285942048,True,0,eligible,meets_historical_baseline_screen
Gujarat,Navsari,Bilimora,Potato,Other,FAQ,deff683fe4455392,547,2024-01-11,2025-11-05,665,547,0.822556391,0,18,118,54,23,2100,632.5519695,1100,0.279386271,True,0,eligible,meets_historical_baseline_screen
Gujarat,Kheda,Kapadvanj,Potato,Other,FAQ,d6e713530bb54f8c,540,2024-01-04,2025-11-04,671,540,0.8047690015,0,12,131,55,23,1200,600.3382927,1120,0.3793851082,True,0,eligible,meets_historical_baseline_screen
Gujarat,Dahod,Dahod (Veg. Market),Tomato,Tomato,FAQ,518f332aced6b913,633,2024-01-01,2025-11-03,673,633,0.940564636,0,3,40,56,23,1700,1093.893028,1500,0.5539585086,True,0,eligible,meets_historical_baseline_screen
Gujarat,Navsari,Bilimora,Tomato,Other,FAQ,f17a4491dc2d8470,558,2024-01-11,2025-11-05,665,558,0.8390977444,0,18,107,54,23,2000,1292.530586,1600,0.5715898455,True,0,eligible,meets_historical_baseline_screen
Gujarat,Navsari,Navsari,Tomato,Other,FAQ,a756f343bb8d8ca0,559,2024-01-03,2025-11-05,673,559,0.8306092125,0,7,114,54,23,1750,1200.240614,1375,0.5891850743,True,0,eligible,meets_historical_baseline_screen
