state,district,market,commodity,observations,median_modal_price,q25,q75,median_spread
Gujarat,Ahmedabad,Ahmedabad,Tomato,505,2150,1250,3250,1300
Gujarat,Ahmedabad,Ahmedabad (Chimanbhai Patal Market Vasana),Onion,925,2000,1450,2950,1000
Gujarat,Ahmedabad,Ahmedabad (Chimanbhai Patal Market Vasana),Potato,1378,1850,1200,2300,500
Gujarat,Ahmedabad,Ahmedabad (Chimanbhai Patal Market Vasana) APMC,Onion,19,1750,1325,2025,1000
Gujarat,Ahmedabad,Ahmedabad (Chimanbhai Patal Market Vasana) APMC,Potato,29,1300,1100,1850,300
Gujarat,Ahmedabad,Ahmedabad APMC,Tomato,7,3750,2675,4175,2500
Gujarat,Amreli,Damnagar,Tomato,555,2800,1625,3925,700
Gujarat,Amreli,Damnagar APMC,Tomato,12,2800,2500,3000,0
Gujarat,Anand,"Anand (Veg,Yard,Anand)",Onion,468,1800,1618.75,2400,500
Gujarat,Anand,"Anand (Veg,Yard,Anand)",Potato,467,1400,1150,2250,500
Gujarat,Anand,"Anand (Veg,Yard,Anand)",Tomato,466,1500,800,2500,500
Gujarat,Anand,"Anand (Veg,Yard,Anand) APMC",Onion,5,1125,1125,1125,750
Gujarat,Anand,"Anand (Veg,Yard,Anand) APMC",Potato,6,1750,1375,1750,500
Gujarat,Anand,"Anand (Veg,Yard,Anand) APMC",Tomato,3,3000,2625,3500,1000
Gujarat,Anand,Khambhat (Veg Yard Khambhat),Onion,353,2300,1800,3400,700
Gujarat,Anand,Khambhat (Veg Yard Khambhat),Potato,350,1700,1500,2750,500
Gujarat,Anand,Khambhat (Veg Yard Khambhat),Tomato,262,2500,1200,3250,700
Gujarat,Anand,Khambhat (Veg Yard Khambhat) APMC,Onion,2,1750,1525,1975,950
Gujarat,Anand,Khambhat (Veg Yard Khambhat) APMC,Potato,5,1400,1300,1400,800
Gujarat,Anand,Khambhat (Veg Yard Khambhat) APMC,Tomato,5,3500,2800,4000,1000
Gujarat,Banaskanth,Deesa (Deesa Veg Yard),Onion,435,1750,1375,3125,650
Gujarat,Banaskanth,Deesa (Deesa Veg Yard),Potato,434,1475,1100,2200,600
Gujarat,Banaskanth,Deesa (Deesa Veg Yard),Tomato,430,2175,1225,3318.75,625
Gujarat,Banaskanth,Deesa (Deesa Veg Yard) APMC,Onion,6,1337.5,1175,1556.25,350
Gujarat,Banaskanth,Deesa (Deesa Veg Yard) APMC,Potato,2,1750,1687.5,1812.5,500
Gujarat,Banaskanth,Deesa (Deesa Veg Yard) APMC,Tomato,5,2075,2075,2925,550
Gujarat,Bharuch,Ankleshwar,Onion,101,1500,1200,1700,800
Gujarat,Bharuch,Ankleshwar,Potato,529,1500,1300,2500,1000
Gujarat,Bharuch,Ankleshwar,Tomato,502,1500,1000,2500,900
Gujarat,Bharuch,Ankleshwar APMC,Onion,7,1500,1300,1500,1000
Gujarat,Bharuch,Ankleshwar APMC,Potato,7,2000,1950,2100,1900
Gujarat,Bharuch,Ankleshwar APMC,Tomato,3,2000,1750,2500,1000
Gujarat,Bharuch,Bharuch,Onion,377,1500,1500,2500,1000
Gujarat,Bharuch,Bharuch,Potato,377,1500,1500,2500,1100
Gujarat,Bharuch,Bharuch,Tomato,354,1500,1200,2500,750
Gujarat,Bharuch,Bharuch APMC,Onion,4,1250,1200,1300,500
Gujarat,Bharuch,Bharuch APMC,Potato,2,1750,1625,1875,1450
Gujarat,Bharuch,Bharuch APMC,Tomato,4,1700,1650,1775,850
Gujarat,Bhavnagar,Bhavnagar,Onion,305,1270,1030,1680,810
Gujarat,Bhavnagar,Bhavnagar APMC,Onion,1,1025,1025,1025,0
Gujarat,Bhavnagar,Mahuva (Station Road),Onion,894,1297.5,1000,1750,1072.5
Gujarat,Bhavnagar,Mahuva (Station Road) APMC,Onion,14,1031.5,934.75,1081,692.5
Gujarat,Bhavnagar,Palitana,Onion,90,1512.5,1306.25,1783.75,620
Gujarat,Bhavnagar,Palitana,Potato,409,2400,2000,2950,900
Gujarat,Bhavnagar,Palitana,Tomato,366,2150,1400,3118.75,1000
Gujarat,Bhavnagar,Palitana APMC,Potato,6,2500,2500,2500,1000
Gujarat,Bhavnagar,Palitana APMC,Tomato,3,3100,3050,3300,1400
Gujarat,Bhavnagar,Taleja,Onion,162,1335,1100,1646.25,1077.5
Gujarat,Dahod,Dahod (Veg. Market),Onion,612,1800,1250,2700,1100
Gujarat,Dahod,Dahod (Veg. Market),Potato,627,1500,1200,2300,400
Gujarat,Dahod,Dahod (Veg. Market),Tomato,634,1700,1000,2500,1300
Gujarat,Dahod,Dahod (Veg. Market) APMC,Onion,7,1000,1000,1350,1000
Gujarat,Dahod,Dahod (Veg. Market) APMC,Potato,6,1200,1050,1200,700
Gujarat,Dahod,Dahod (Veg. Market) APMC,Tomato,8,2000,1500,2550,2100
Gujarat,Gandhinagar,"Kalol (Veg,Market,Kalol)",Tomato,212,1750,1250,2500,875
Gujarat,Gandhinagar,"Kalol (Veg,Market,Kalol) APMC",Tomato,6,2125,2000,2437.5,1000
Gujarat,Gandhinagar,Mansa (Manas Veg Yard),Potato,22,1000,1000,1200,0
Gujarat,Gandhinagar,Mansa (Manas Veg Yard),Tomato,462,2200,1200,3437.5,200
Gujarat,Gandhinagar,Mansa (Manas Veg Yard) APMC,Tomato,7,3500,2750,4000,500
Gujarat,Gir Somnath,Talalagir,Tomato,437,3000,2500,4000,2000
Gujarat,Gir Somnath,Talalagir APMC,Tomato,5,1800,1700,1900,1500
Gujarat,Gir Somnath,Una,Onion,10,1180,1030,1422.5,815
Gujarat,Jamnagar,Jamnagar,Onion,419,1230,875,1982.5,1525
Gujarat,Jamnagar,Jamnagar APMC,Onion,6,850,640,970,1487.5
Gujarat,Junagarh,Visavadar,Onion,342,935,615,1312.5,685
Gujarat,Junagarh,Visavadar APMC,Onion,8,482.5,373.75,708.75,495
Gujarat,Kachchh,Bhuj,Onion,426,2000,1500,2887.5,700
Gujarat,Kachchh,Bhuj,Potato,439,1850,1550,2750,500
Gujarat,Kachchh,Bhuj APMC,Onion,10,1500,1500,1637.5,950
Gujarat,Kachchh,Bhuj APMC,Potato,9,2000,2000,2000,1000
Gujarat,Kachchh,K.Mandvi,Potato,10,1725,1700,1925,300
Gujarat,Kachchh,K.Mandvi,Tomato,27,2000,1800,3000,1000
Gujarat,Kachchh,Mundra,Onion,13,3300,3300,3600,400
Gujarat,Kachchh,Mundra,Potato,10,2600,2600,2650,300
Gujarat,Kachchh,Mundra,Tomato,14,4500,3575,6875,1000
Gujarat,Kheda,Kapadvanj,Onion,526,1750,1350,2625,800
Gujarat,Kheda,Kapadvanj,Potato,540,1200,1100,2220,500
Gujarat,Kheda,Kapadvanj,Tomato,540,1875,875,2900,400
Gujarat,Kheda,Kapadvanj APMC,Onion,10,1087.5,862.5,1275,825
Gujarat,Kheda,Kapadvanj APMC,Potato,8,1450,1450,1462.5,1100
Gujarat,Kheda,Kapadvanj APMC,Tomato,3,2750,2437.5,3250,500
Gujarat,Kheda,Nadiad,Onion,6,2550,1712.5,2975,350
Gujarat,Kheda,Nadiad,Potato,760,1500,1250,2062.5,200
Gujarat,Kheda,Nadiad,Tomato,752,1825,1400,2500,300
Gujarat,Kheda,Nadiad APMC,Potato,9,2600,2600,2900,400
Gujarat,Kheda,Nadiad APMC,Tomato,12,3350,2987.5,3500,425
Gujarat,Kheda,Nadiyad (Chaklasi),Potato,761,1200,1000,1700,200
Gujarat,Kheda,Nadiyad (Chaklasi),Tomato,602,1600,1150,2000,200
Gujarat,Kheda,Nadiyad (Chaklasi) APMC,Potato,11,2200,2125,2275,250
Gujarat,Kheda,Nadiyad (Chaklasi) APMC,Tomato,6,2950,2825,3187.5,400
Gujarat,Kheda,Nadiyad (Piplag),Onion,742,1800,1350,2300,300
Gujarat,Kheda,Nadiyad (Piplag),Potato,741,1250,1000,1750,200
Gujarat,Kheda,Nadiyad (Piplag),Tomato,758,1650,1200,2250,200
Gujarat,Kheda,Nadiyad (Piplag) APMC,Onion,10,1875,1850,2037.5,300
Gujarat,Kheda,Nadiyad (Piplag) APMC,Potato,6,2150,2100,2200,300
Gujarat,Kheda,Nadiyad (Piplag) APMC,Tomato,8,3100,2837.5,3200,500
Gujarat,Mehsana,Mehsana (Mehsana Veg),Onion,491,1500,1300,2500,1500
Gujarat,Mehsana,Mehsana (Mehsana Veg),Potato,490,1250,1100,2000,1200
Gujarat,Mehsana,Mehsana (Mehsana Veg),Tomato,500,1900,1100,3000,1400
Gujarat,Mehsana,Mehsana (Mehsana Veg) APMC,Onion,6,1175,1100,1287.5,1300
Gujarat,Mehsana,Mehsana (Mehsana Veg) APMC,Potato,7,1400,1350,1400,1250
Gujarat,Mehsana,Mehsana (Mehsana Veg) APMC,Tomato,9,2250,2000,3000,2000
Gujarat,Mehsana,Vijapur (veg),Onion,6,1200,1200,1425,0
Gujarat,Mehsana,Vijapur (veg),Potato,75,1000,687.5,1100,0
Gujarat,Mehsana,Vijapur (veg),Tomato,140,2000,1200,3000,800
Gujarat,Mehsana,Visnagar,Tomato,1,2667,2667,2667,485
Gujarat,Morbi,Morbi,Onion,516,1300,1000,2000,1200
Gujarat,Morbi,Morbi,Tomato,518,2050,1262.5,3000,900
Gujarat,Morbi,Morbi APMC,Onion,5,850,850,1000,900
Gujarat,Morbi,Morbi APMC,Tomato,6,3000,2562.5,3250,1500
Gujarat,Morbi,Vankaner (Sub yard),Tomato,218,3000,2250,4000,1000
Gujarat,Navsari,Bilimora,Onion,552,1875,1400,3000,1000
Gujarat,Navsari,Bilimora,Potato,547,2100,1700,2800,500
Gujarat,Navsari,Bilimora,Tomato,558,2000,1200,2800,1250
Gujarat,Navsari,Bilimora APMC,Potato,10,2200,2200,2300,700
Gujarat,Navsari,Bilimora APMC,Tomato,8,3500,3000,4050,2500
Gujarat,Navsari,Navsari,Potato,514,1700,1500,2550,1100
Gujarat,Navsari,Navsari,Tomato,559,1750,1125,2500,1500
Gujarat,Navsari,Navsari APMC,Onion,4,1900,1750,1975,1500
Gujarat,Navsari,Navsari APMC,Potato,9,1800,1750,1850,1600
Gujarat,Navsari,Navsari APMC,Tomato,12,3625,2343.75,3875,2375
Gujarat,Patan,"Patan (Veg,Yard Patan)",Tomato,2,1325,1237.5,1412.5,650
Gujarat,Patan,"Patan (Veg,Yard Patan) APMC",Tomato,1,2000,2000,2000,1000
Gujarat,Porbandar,Porbandar,Onion,495,1750,1250,2750,500
Gujarat,Porbandar,Porbandar,Potato,488,1750,1500,2500,500
Gujarat,Porbandar,Porbandar,Tomato,495,2250,1250,4000,500
Gujarat,Porbandar,Porbandar APMC,Onion,5,1250,1250,1250,500
Gujarat,Porbandar,Porbandar APMC,Potato,7,1500,1375,1625,500
Gujarat,Porbandar,Porbandar APMC,Tomato,7,3750,3000,5000,1000
Gujarat,Rajkot,Dhoraji,Onion,162,1680,1230,2161.25,1525
Gujarat,Rajkot,Dhoraji APMC,Onion,8,855,736.25,967.5,1240
Gujarat,Rajkot,Gondal,Onion,636,1180,890,1755,1025
Gujarat,Rajkot,Gondal (Veg.market Gondal),Potato,455,305,260,500,100
Gujarat,Rajkot,Gondal (Veg.market Gondal),Tomato,490,2250,1250,3500,1500
Gujarat,Rajkot,Gondal (Veg.market Gondal) APMC,Potato,10,1450,1281.25,1500,775
Gujarat,Rajkot,Gondal (Veg.market Gondal) APMC,Tomato,15,3000,2500,3275,4000
Gujarat,Rajkot,Gondal APMC,Onion,8,1292.5,1067.5,1348.75,1475
Gujarat,Rajkot,Jetpur (Dist.Rajkot),Onion,424,1252.5,755,1905,1350
Gujarat,Rajkot,Jetpur (Dist.Rajkot) APMC,Onion,6,727.5,645,866.25,1250
Gujarat,Rajkot,Rajkot (Veg.Sub Yard),Onion,506,1250,975,2143.75,1210
Gujarat,Rajkot,Rajkot (Veg.Sub Yard),Potato,521,1505,1250,2250,1055
Gujarat,Rajkot,Rajkot (Veg.Sub Yard),Tomato,504,1962.5,1175,3000,1000
Gujarat,Rajkot,Rajkot (Veg.Sub Yard) APMC,Onion,7,725,625,952.5,950
Gujarat,Rajkot,Rajkot (Veg.Sub Yard) APMC,Potato,6,1340,1248.75,1412.5,1375
Gujarat,Rajkot,Rajkot (Veg.Sub Yard) APMC,Tomato,11,4215,3160,4265,1360
Gujarat,Surat,Surat,Onion,514,1575,1300,2350,1800
Gujarat,Surat,Surat,Potato,516,1567.5,1250,2075,1450
Gujarat,Surat,Surat,Tomato,519,1750,1100,2500,1800
Gujarat,Surat,Surat APMC,Onion,6,1500,1462.5,1537.5,2000
Gujarat,Surat,Surat APMC,Potato,6,1550,1475,1587.5,2100
Gujarat,Surat,Surat APMC,Tomato,10,2750,2100,3625,3300
Gujarat,Surendranagar,Vadhvan,Onion,93,2250,1750,2750,500
Gujarat,Surendranagar,Vadhvan,Potato,464,2250,1750,2750,500
Gujarat,Surendranagar,Vadhvan,Tomato,476,2250,1250,3000,500
Gujarat,Surendranagar,Vadhvan APMC,Potato,3,2250,2250,2250,500
Gujarat,Surendranagar,Vadhvan APMC,Tomato,5,3750,3250,3750,500
Gujarat,Vadodara (Baroda),Padra,Onion,464,2000,1750,3000,800
Gujarat,Vadodara (Baroda),Padra,Potato,473,1850,1600,2750,750
Gujarat,Vadodara (Baroda),Padra,Tomato,477,1850,1150,2750,500
Gujarat,Vadodara (Baroda),Padra APMC,Onion,8,1675,1500,1925,1000
Gujarat,Vadodara (Baroda),Padra APMC,Potato,6,2250,2212.5,2287.5,1450
Gujarat,Vadodara (Baroda),Padra APMC,Tomato,13,3000,2500,3400,1000
Gujarat,Vadodara (Baroda),Vadodara (Sayajipura),Onion,426,1800,1350,2550,1300
Gujarat,Vadodara (Baroda),Vadodara (Sayajipura),Potato,432,1550,1500,2350,1200
Gujarat,Vadodara (Baroda),Vadodara (Sayajipura),Tomato,431,1900,1050,3050,600
Gujarat,Vadodara (Baroda),Vadodara (Sayajipura) APMC,Onion,3,1500,1350,1500,0
Gujarat,Vadodara (Baroda),Vadodara (Sayajipura) APMC,Potato,1,2800,2800,2800,0
Gujarat,Vadodara (Baroda),Vadodara (Sayajipura) APMC,Tomato,4,2550,1987.5,3162.5,0
