state,district,market,observations,commodities,series_count,first_date,last_date,distinct_dates,span_days,eligible_series,median_modal_price,median_spread
Gujarat,Ahmedabad,Ahmedabad (Chimanbhai Patal Market Vasana),2303,2,7,2024-01-01,2025-11-04,512,674,2,1850,600
Gujarat,Kheda,Nadiyad (Piplag),2241,3,6,2024-01-02,2025-11-05,542,674,3,1550,200
Gujarat,Dahod,Dahod (Veg. Market),1873,3,4,2024-01-01,2025-11-04,639,674,3,1600,1000
Gujarat,Navsari,Bilimora,1657,3,3,2024-01-11,2025-11-05,566,665,3,2000,800
Gujarat,Kheda,Kapadvanj,1606,3,3,2024-01-03,2025-11-04,555,672,3,1625,500
Gujarat,Surat,Surat,1549,3,3,2024-01-03,2025-11-05,529,673,3,1650,1650
Gujarat,Rajkot,Rajkot (Veg.Sub Yard),1531,3,3,2024-01-01,2025-11-05,535,675,3,1550,1100
Gujarat,Kheda,Nadiad,1518,3,6,2024-01-02,2025-11-05,541,674,2,1600,200
Gujarat,Mehsana,Mehsana (Mehsana Veg),1481,3,6,2024-01-01,2025-11-04,505,674,1,1600,1300
Gujarat,Porbandar,Porbandar,1478,3,6,2024-01-01,2025-11-05,507,675,2,1750,500
Gujarat,Vadodara (Baroda),Padra,1414,3,3,2024-01-03,2025-11-04,483,672,2,1900,700
Gujarat,Anand,"Anand (Veg,Yard,Anand)",1401,3,3,2024-01-01,2025-11-05,486,675,3,1750,500
Gujarat,Kheda,Nadiyad (Chaklasi),1363,2,4,2024-01-02,2025-11-05,541,674,2,1300,200
Gujarat,Banaskanth,Deesa (Deesa Veg Yard),1299,3,3,2024-01-03,2025-10-30,442,667,1,1850,645
Gujarat,Vadodara (Baroda),Vadodara (Sayajipura),1289,3,3,2024-01-01,2025-11-04,438,674,3,1800,1000
Gujarat,Bharuch,Ankleshwar,1132,3,4,2024-01-02,2025-11-03,561,672,2,1500,1000
Gujarat,Bharuch,Bharuch,1108,3,6,2024-05-01,2025-11-06,396,555,0,1500,1000
Gujarat,Navsari,Navsari,1073,2,2,2024-01-03,2025-11-05,561,673,2,1750,1200
Gujarat,Morbi,Morbi,1034,2,2,2024-01-01,2025-11-05,521,675,2,1600,1000
Gujarat,Surendranagar,Vadhvan,1033,3,6,2024-01-01,2025-11-01,477,671,2,2250,500
Gujarat,Anand,Khambhat (Veg Yard Khambhat),965,3,5,2024-07-13,2025-11-04,363,480,0,2200,600
Gujarat,Rajkot,Gondal (Veg.market Gondal),945,2,5,2024-02-12,2025-11-05,495,633,1,540,500
Gujarat,Bhavnagar,Mahuva (Station Road),894,1,3,2024-01-01,2025-11-05,461,675,2,1297.5,1072.5
Gujarat,Bhavnagar,Palitana,865,3,4,2024-01-02,2025-10-18,430,656,0,2150,900
Gujarat,Kachchh,Bhuj,865,2,2,2024-01-01,2025-11-03,442,673,1,2000,500
Gujarat,Rajkot,Gondal,636,1,2,2024-01-01,2025-10-28,400,667,0,1180,1025
Gujarat,Amreli,Damnagar,555,1,2,2024-01-01,2025-11-02,555,672,0,2800,700
Gujarat,Ahmedabad,Ahmedabad,505,1,1,2024-01-01,2025-11-03,505,673,1,2150,1300
Gujarat,Gandhinagar,Mansa (Manas Veg Yard),484,2,2,2024-01-03,2025-11-03,463,671,1,2000,125
Gujarat,Gir Somnath,Talalagir,437,1,2,2024-01-01,2025-11-05,434,675,1,3000,2000
Gujarat,Rajkot,Jetpur (Dist.Rajkot),424,1,1,2024-01-01,2025-11-05,424,675,1,1252.5,1350
Gujarat,Jamnagar,Jamnagar,419,1,1,2024-01-01,2025-11-05,419,675,1,1230,1525
Gujarat,Junagarh,Visavadar,342,1,1,2024-01-01,2025-11-05,342,675,0,935,685
Gujarat,Bhavnagar,Bhavnagar,305,1,3,2024-01-01,2025-05-28,193,514,0,1270,810
Gujarat,Mehsana,Vijapur (veg),221,3,5,2024-02-13,2025-10-09,187,605,0,1450,450
Gujarat,Morbi,Vankaner (Sub yard),218,1,1,2024-01-01,2024-08-25,218,238,0,3000,1000
Gujarat,Gandhinagar,"Kalol (Veg,Market,Kalol)",212,1,1,2024-01-01,2025-07-10,212,557,0,1750,875
Gujarat,Bhavnagar,Taleja,162,1,3,2024-01-01,2025-03-21,129,446,0,1335,1077.5
Gujarat,Rajkot,Dhoraji,162,1,3,2024-01-01,2025-03-12,162,437,0,1680,1525
Gujarat,Ahmedabad,Ahmedabad (Chimanbhai Patal Market Vasana) APMC,48,2,7,2025-12-01,2025-12-29,20,29,0,1325,400
Gujarat,Kachchh,K.Mandvi,37,2,2,2025-09-19,2025-11-05,28,48,0,2000,1000
Gujarat,Kachchh,Mundra,37,3,3,2024-07-16,2024-08-08,15,24,0,3300,500
Gujarat,Vadodara (Baroda),Padra APMC,27,3,3,2025-12-03,2025-12-29,17,27,0,2250,1000
Gujarat,Navsari,Navsari APMC,25,3,3,2025-12-04,2025-12-29,20,26,0,2050,1800
Gujarat,Rajkot,Gondal (Veg.market Gondal) APMC,25,2,2,2025-12-03,2025-12-28,19,26,0,2450,3000
Gujarat,Kheda,Nadiyad (Piplag) APMC,24,3,3,2025-12-04,2025-12-29,17,26,0,2150,450
Gujarat,Rajkot,Rajkot (Veg.Sub Yard) APMC,24,3,3,2025-12-03,2025-12-29,17,27,0,1467.5,1240
Gujarat,Mehsana,Mehsana (Mehsana Veg) APMC,22,3,3,2025-12-03,2025-12-29,15,27,0,1400,1500
Gujarat,Surat,Surat APMC,22,3,3,2025-12-05,2025-12-27,14,23,0,1650,2200
Gujarat,Dahod,Dahod (Veg. Market) APMC,21,3,3,2025-12-03,2025-12-29,15,27,0,1200,1100
Gujarat,Kheda,Kapadvanj APMC,21,3,3,2025-12-03,2025-12-29,14,27,0,1450,950
Gujarat,Kheda,Nadiad APMC,21,2,2,2025-12-04,2025-12-27,17,24,0,2950,400
Gujarat,Kachchh,Bhuj APMC,19,2,2,2025-12-04,2025-12-25,13,22,0,1750,1000
Gujarat,Porbandar,Porbandar APMC,19,3,4,2025-12-04,2025-12-29,15,26,0,1500,1000
Gujarat,Navsari,Bilimora APMC,18,2,2,2025-12-01,2025-12-27,14,27,0,2350,900
Gujarat,Bharuch,Ankleshwar APMC,17,3,3,2025-11-29,2025-12-28,13,30,0,1800,1200
Gujarat,Kheda,Nadiyad (Chaklasi) APMC,17,2,2,2025-12-04,2025-12-27,14,24,0,2300,300
Gujarat,Anand,"Anand (Veg,Yard,Anand) APMC",14,3,6,2025-12-03,2025-12-27,10,25,0,1500,625
Gujarat,Bhavnagar,Mahuva (Station Road) APMC,14,1,2,2025-12-03,2025-12-29,12,27,0,1031.5,692.5
Gujarat,Banaskanth,Deesa (Deesa Veg Yard) APMC,13,3,3,2025-12-03,2025-12-25,11,23,0,1675,500
Gujarat,Amreli,Damnagar APMC,12,1,1,2025-12-05,2025-12-27,12,23,0,2800,0
Gujarat,Anand,Khambhat (Veg Yard Khambhat) APMC,12,3,3,2025-12-05,2025-12-27,9,23,0,1600,800
Gujarat,Morbi,Morbi APMC,11,2,2,2025-12-05,2025-12-29,9,25,0,2500,1000
Gujarat,Bharuch,Bharuch APMC,10,3,3,2025-12-03,2025-12-21,9,19,0,1500,650
Gujarat,Gir Somnath,Una,10,1,2,2024-02-02,2025-04-28,10,452,0,1180,815
Gujarat,Bhavnagar,Palitana APMC,9,2,3,2025-12-04,2025-12-27,9,24,0,2500,1000
Gujarat,Junagarh,Visavadar APMC,8,1,1,2025-12-04,2025-12-27,8,24,0,482.5,495
Gujarat,Rajkot,Dhoraji APMC,8,1,1,2025-12-05,2025-12-27,8,23,0,855,1240
Gujarat,Rajkot,Gondal APMC,8,1,2,2025-12-04,2025-12-25,7,22,0,1292.5,1475
Gujarat,Surendranagar,Vadhvan APMC,8,2,4,2025-12-05,2025-12-27,5,23,0,2750,500
Gujarat,Vadodara (Baroda),Vadodara (Sayajipura) APMC,8,3,3,2025-12-03,2025-12-25,6,23,0,1925,0
Gujarat,Ahmedabad,Ahmedabad APMC,7,1,1,2025-12-05,2025-12-27,7,23,0,3750,2500
Gujarat,Gandhinagar,Mansa (Manas Veg Yard) APMC,7,1,1,2025-12-10,2025-12-27,7,18,0,3500,500
Gujarat,Gandhinagar,"Kalol (Veg,Market,Kalol) APMC",6,1,1,2025-12-11,2025-12-29,6,19,0,2125,1000
Gujarat,Jamnagar,Jamnagar APMC,6,1,1,2025-12-06,2025-12-26,6,21,0,850,1487.5
Gujarat,Rajkot,Jetpur (Dist.Rajkot) APMC,6,1,1,2025-12-06,2025-12-24,6,19,0,727.5,1250
Gujarat,Gir Somnath,Talalagir APMC,5,1,1,2025-12-09,2025-12-22,5,14,0,1800,1500
Gujarat,Patan,"Patan (Veg,Yard Patan)",2,1,1,2024-12-25,2024-12-27,2,3,0,1325,650
Gujarat,Bhavnagar,Bhavnagar APMC,1,1,1,2025-12-18,2025-12-18,1,1,0,1025,0
Gujarat,Mehsana,Visnagar,1,1,1,2024-02-20,2024-02-20,1,1,0,2667,485
Gujarat,Patan,"Patan (Veg,Yard Patan) APMC",1,1,1,2025-12-07,2025-12-07,1,1,0,2000,1000
