dimension,commodity,bucket,observations,mae,mean_signed_error
gap_band,Onion,1,138,94.4636626830831,23.3286880244847
gap_band,Onion,2–3,37,125.287800001831,38.5268027513747
gap_band,Onion,4–7,4,107.79637615467,47.286032714847
gap_band,Onion,8+,1,207.461121535152,-207.461121535152
gap_band,Potato,1,140,57.1312486800513,-3.50251223740184
gap_band,Potato,2–3,35,91.020729431233,-32.2566441426194
gap_band,Potato,4–7,3,190.865169445642,-177.591679451426
gap_band,Potato,8+,2,285.730872033178,-285.730872033178
gap_band,Tomato,1,169,223.660930298192,62.3518788017954
gap_band,Tomato,2–3,4,451.83097517761,224.710127069094
gap_band,Tomato,4–7,4,331.927810560092,117.205819811378
gap_band,Tomato,8+,3,658.274405236682,658.274405236682
historical_volatility_band,Onion,above_train_median,40,162.105987146869,50.9042631947187
historical_volatility_band,Onion,at_or_below_train_median,140,84.4717227900878,18.5025937908231
historical_volatility_band,Potato,above_train_median,68,80.0645209204563,-20.7058662912891
historical_volatility_band,Potato,at_or_below_train_median,112,61.4622337063625,-11.7461797575081
historical_volatility_band,Tomato,above_train_median,125,247.07903030248,108.904687695461
historical_volatility_band,Tomato,at_or_below_train_median,55,218.612305295369,4.85215561459401
