state,district,market,commodity,variety,grade,series_id,date,actual_modal_price,rolling_std_7,predicted_modal_price,signed_error,absolute_error,baseline_prediction,baseline_absolute_error,baseline_name,gap_days,historical_volatility_band,gap_band
Gujarat,Navsari,Bilimora,Onion,Nasik,FAQ,106cbf2f08373602,2025-09-14,1400,97.5900072948533,1663.60977100877,263.609771008774,263.609771008774,1600,200,naive,1,at_or_below_train_median,1
Gujarat,Navsari,Bilimora,Onion,Nasik,FAQ,106cbf2f08373602,2025-11-03,1600,106.90449676497,1373.20424445644,-226.795755543556,226.795755543556,1400,200,naive,2,at_or_below_train_median,2–3
Gujarat,Navsari,Bilimora,Onion,Nasik,FAQ,106cbf2f08373602,2025-10-01,1500,0,1295.2563505135,-204.743649486497,204.743649486497,1300,200,naive,2,at_or_below_train_median,2–3
Gujarat,Dahod,Dahod (Veg. Market),Onion,Onion,FAQ,240bef14621574cd,2025-09-22,700,188.982236504614,1211.01874957076,511.018749570765,511.018749570765,1128.57142857143,428.571428571429,rolling_mean_7,1,at_or_below_train_median,1
Gujarat,Dahod,Dahod (Veg. Market),Onion,Onion,FAQ,240bef14621574cd,2025-08-17,1500,226.778683805536,1032.00901215472,-467.99098784528,467.99098784528,1135.71428571429,364.285714285714,rolling_mean_7,1,above_train_median,1
Gujarat,Dahod,Dahod (Veg. Market),Onion,Onion,FAQ,240bef14621574cd,2025-08-25,1800,185.805838239302,1333.90822699876,-466.091773001238,466.091773001238,1292.85714285714,507.142857142857,rolling_mean_7,1,at_or_below_train_median,1
Gujarat,Dahod,Dahod (Veg. Market),Potato,Potato,FAQ,314b4dfffac5b7bc,2025-10-31,1800,48.7950036474267,1349.70306378996,-450.296936210042,450.296936210042,1328.57142857143,471.428571428571,rolling_mean_7,2,at_or_below_train_median,2–3
Gujarat,Dahod,Dahod (Veg. Market),Potato,Potato,FAQ,314b4dfffac5b7bc,2025-09-12,1500,78.6795792469443,1190.55316768446,-309.446832315544,309.446832315544,1142.85714285714,357.142857142857,rolling_mean_7,1,at_or_below_train_median,1
Gujarat,Dahod,Dahod (Veg. Market),Potato,Potato,FAQ,314b4dfffac5b7bc,2025-09-30,1400,78.6795792469443,1172.05560334387,-227.944396656131,227.944396656131,1157.14285714286,242.857142857143,rolling_mean_7,2,at_or_below_train_median,2–3
Gujarat,Dahod,Dahod (Veg. Market),Tomato,Tomato,FAQ,518f332aced6b913,2025-10-27,1000,214.919697074224,1898.26726074294,898.267260742942,898.267260742942,2000,1000,naive,4,at_or_below_train_median,4–7
Gujarat,Dahod,Dahod (Veg. Market),Tomato,Tomato,FAQ,518f332aced6b913,2025-08-29,1500,554.312100501067,2375.15614549912,875.156145499118,875.156145499118,2150,650,naive,2,above_train_median,2–3
Gujarat,Dahod,Dahod (Veg. Market),Tomato,Tomato,FAQ,518f332aced6b913,2025-08-26,2000,545.326464038701,2790.18479043071,790.184790430711,790.184790430711,2800,800,naive,1,above_train_median,1
Gujarat,Kheda,Kapadvanj,Onion,Other,FAQ,a71c104fe631e8bb,2025-09-22,1025,0,1319.13646814581,294.136468145812,294.136468145812,1300,275,naive,3,at_or_below_train_median,2–3
Gujarat,Kheda,Kapadvanj,Onion,Other,FAQ,a71c104fe631e8bb,2025-11-02,1150,105.503328767164,1370.57878687455,220.578786874551,220.578786874551,1300,150,naive,3,above_train_median,2–3
Gujarat,Kheda,Kapadvanj,Onion,Other,FAQ,a71c104fe631e8bb,2025-10-27,1300,82.7359540661622,1092.53887846485,-207.461121535152,207.461121535152,1050,250,naive,10,at_or_below_train_median,8+
Gujarat,Navsari,Navsari,Tomato,Other,FAQ,a756f343bb8d8ca0,2025-08-25,2500,1024.98548189486,3994.9094292083,1494.9094292083,1494.9094292083,4500,2000,naive,1,above_train_median,1
Gujarat,Navsari,Navsari,Tomato,Other,FAQ,a756f343bb8d8ca0,2025-08-24,4500,933.82215090659,3296.45258920077,-1203.54741079923,1203.54741079923,3500,1000,naive,1,above_train_median,1
Gujarat,Navsari,Navsari,Tomato,Other,FAQ,a756f343bb8d8ca0,2025-10-12,2500,151.382517704875,1409.81514559709,-1090.18485440291,1090.18485440291,1325,1175,naive,1,at_or_below_train_median,1
Gujarat,Kheda,Kapadvanj,Potato,Other,FAQ,d6e713530bb54f8c,2025-10-30,1650,100.445436503037,1242.77822988933,-407.221770110669,407.221770110669,1225,425,naive,13,above_train_median,8+
Gujarat,Kheda,Kapadvanj,Potato,Other,FAQ,d6e713530bb54f8c,2025-11-02,1200,159.89207669699,1571.80814436166,371.808144361665,371.808144361665,1650,450,naive,3,above_train_median,2–3
Gujarat,Kheda,Kapadvanj,Potato,Other,FAQ,d6e713530bb54f8c,2025-10-04,1450,0,1140.3962384111,-309.603761588903,309.603761588903,1150,300,naive,4,at_or_below_train_median,4–7
Gujarat,Navsari,Bilimora,Potato,Other,FAQ,deff683fe4455392,2025-11-02,2400,53.4522483824849,1908.76090124744,-491.239098752562,491.239098752562,2100,300,naive,1,at_or_below_train_median,1
Gujarat,Navsari,Bilimora,Potato,Other,FAQ,deff683fe4455392,2025-11-05,2800,160.356745147455,2361.05343578215,-438.946564217846,438.946564217846,2400,400,naive,2,above_train_median,2–3
Gujarat,Navsari,Bilimora,Potato,Other,FAQ,deff683fe4455392,2025-11-03,2400,134.51854182691,2150.16720746634,-249.832792533663,249.832792533663,2400,0,naive,1,above_train_median,1
Gujarat,Navsari,Bilimora,Tomato,Other,FAQ,f17a4491dc2d8470,2025-10-27,1200,258.198889747161,1950.70352560834,750.703525608344,750.703525608344,2000,800,naive,9,above_train_median,8+
Gujarat,Navsari,Bilimora,Tomato,Other,FAQ,f17a4491dc2d8470,2025-08-29,2200,315.473944286703,2766.33512577261,566.335125772611,566.335125772611,2800,600,naive,1,above_train_median,1
Gujarat,Navsari,Bilimora,Tomato,Other,FAQ,f17a4491dc2d8470,2025-08-24,3000,575.698333703139,3554.04718679125,554.047186791255,554.047186791255,3500,500,naive,1,above_train_median,1
