series_id,feature,importance,normalized_share,method
240bef14621574cd,modal_price_lag_1,0.0939268450947242,0.0939268450947242,training impurity decrease
240bef14621574cd,modal_price_lag_2,0.0806963536076565,0.0806963536076565,training impurity decrease
240bef14621574cd,modal_price_lag_3,0.0726589010758401,0.0726589010758401,training impurity decrease
240bef14621574cd,modal_price_lag_5,0.0332128432088606,0.0332128432088606,training impurity decrease
240bef14621574cd,modal_price_lag_7,0.00699617622200155,0.00699617622200155,training impurity decrease
240bef14621574cd,rolling_mean_3,0.161001157963,0.161001157963,training impurity decrease
240bef14621574cd,rolling_median_3,0.194349801752867,0.194349801752867,training impurity decrease
240bef14621574cd,rolling_std_3,0.00115080427598558,0.00115080427598558,training impurity decrease
240bef14621574cd,rolling_mean_7,0.177779371474067,0.177779371474067,training impurity decrease
240bef14621574cd,rolling_median_7,0.107570873093616,0.107570873093616,training impurity decrease
240bef14621574cd,rolling_std_7,0.00160542358702338,0.00160542358702338,training impurity decrease
240bef14621574cd,rolling_range_7,0.000998324270613971,0.000998324270613971,training impurity decrease
240bef14621574cd,previous_price_change,0.000667383736744352,0.000667383736744352,training impurity decrease
240bef14621574cd,previous_percentage_change,0.000796871289352728,0.000796871289352728,training impurity decrease
240bef14621574cd,expanding_mean,0.00173237789155375,0.00173237789155375,training impurity decrease
240bef14621574cd,expanding_median,0.00263742849224844,0.00263742849224844,training impurity decrease
240bef14621574cd,expanding_std,0.0011513080174745,0.0011513080174745,training impurity decrease
240bef14621574cd,min_price_lag_1,0.00899312048410361,0.00899312048410361,training impurity decrease
240bef14621574cd,max_price_lag_1,0.050514669579591,0.050514669579591,training impurity decrease
240bef14621574cd,previous_price_spread,0.000616769330032214,0.000616769330032214,training impurity decrease
240bef14621574cd,recent_mean_gap_3,0.000943195552643315,0.000943195552643315,training impurity decrease
240bef14621574cd,state,0,0,training impurity decrease
240bef14621574cd,district,0,0,training impurity decrease
240bef14621574cd,market,0,0,training impurity decrease
240bef14621574cd,commodity,0,0,training impurity decrease
240bef14621574cd,variety,0,0,training impurity decrease
240bef14621574cd,grade,0,0,training impurity decrease
314b4dfffac5b7bc,modal_price_lag_1,0.0103692247193846,0.0103692247193846,training impurity decrease
314b4dfffac5b7bc,modal_price_lag_2,0.0106833067143068,0.0106833067143068,training impurity decrease
314b4dfffac5b7bc,modal_price_lag_3,0.000440618110584795,0.000440618110584795,training impurity decrease
314b4dfffac5b7bc,modal_price_lag_5,0.000526345543452389,0.000526345543452389,training impurity decrease
314b4dfffac5b7bc,modal_price_lag_7,0.00113890579703999,0.00113890579703999,training impurity decrease
314b4dfffac5b7bc,rolling_mean_3,0.0200152970640251,0.0200152970640251,training impurity decrease
314b4dfffac5b7bc,rolling_median_3,0.533063451226485,0.533063451226485,training impurity decrease
314b4dfffac5b7bc,rolling_std_3,0.00125109592297208,0.00125109592297208,training impurity decrease
314b4dfffac5b7bc,rolling_mean_7,0.318133568236748,0.318133568236748,training impurity decrease
314b4dfffac5b7bc,rolling_median_7,0.0793354820248919,0.0793354820248919,training impurity decrease
314b4dfffac5b7bc,rolling_std_7,0.00347044949371137,0.00347044949371137,training impurity decrease
314b4dfffac5b7bc,rolling_range_7,0.000472241439016074,0.000472241439016074,training impurity decrease
314b4dfffac5b7bc,previous_price_change,0.000379632636346649,0.000379632636346649,training impurity decrease
314b4dfffac5b7bc,previous_percentage_change,0.000843137637566739,0.000843137637566739,training impurity decrease
314b4dfffac5b7bc,expanding_mean,0.00437485577868774,0.00437485577868774,training impurity decrease
314b4dfffac5b7bc,expanding_median,0.000212826008859864,0.000212826008859864,training impurity decrease
314b4dfffac5b7bc,expanding_std,0.00232607014422651,0.00232607014422651,training impurity decrease
314b4dfffac5b7bc,min_price_lag_1,0.00969268151211527,0.00969268151211527,training impurity decrease
314b4dfffac5b7bc,max_price_lag_1,0.00194393072299862,0.00194393072299862,training impurity decrease
314b4dfffac5b7bc,previous_price_spread,0.00125343943612191,0.00125343943612191,training impurity decrease
314b4dfffac5b7bc,recent_mean_gap_3,7.34398304581383e-05,7.34398304581383e-05,training impurity decrease
314b4dfffac5b7bc,state,0,0,training impurity decrease
314b4dfffac5b7bc,district,0,0,training impurity decrease
314b4dfffac5b7bc,market,0,0,training impurity decrease
314b4dfffac5b7bc,commodity,0,0,training impurity decrease
314b4dfffac5b7bc,variety,0,0,training impurity decrease
314b4dfffac5b7bc,grade,0,0,training impurity decrease
518f332aced6b913,modal_price_lag_1,163.600079237807,0.122875329981797,absolute standardized-numeric coefficients
518f332aced6b913,modal_price_lag_2,154.147732463459,0.115775943267491,absolute standardized-numeric coefficients
518f332aced6b913,modal_price_lag_3,30.0424802490872,0.0225640457588796,absolute standardized-numeric coefficients
518f332aced6b913,modal_price_lag_5,11.1849488181653,0.00840069444504258,absolute standardized-numeric coefficients
518f332aced6b913,modal_price_lag_7,55.6813585470831,0.0418206723198608,absolute standardized-numeric coefficients
518f332aced6b913,rolling_mean_3,98.7295465816103,0.0741529323927434,absolute standardized-numeric coefficients
518f332aced6b913,rolling_median_3,138.006942831696,0.103653058844636,absolute standardized-numeric coefficients
518f332aced6b913,rolling_std_3,23.045074427532,0.017308494824272,absolute standardized-numeric coefficients
518f332aced6b913,rolling_mean_7,62.8473137274971,0.0472028158465044,absolute standardized-numeric coefficients
518f332aced6b913,rolling_median_7,34.3552329814107,0.0258032307127197,absolute standardized-numeric coefficients
518f332aced6b913,rolling_std_7,60.4596351462437,0.0454094989060186,absolute standardized-numeric coefficients
518f332aced6b913,rolling_range_7,41.1138909171709,0.0308794649539236,absolute standardized-numeric coefficients
518f332aced6b913,previous_price_change,23.4650262465116,0.0176239085977492,absolute standardized-numeric coefficients
518f332aced6b913,previous_percentage_change,0.484642513392598,0.000364001099716834,absolute standardized-numeric coefficients
518f332aced6b913,expanding_mean,36.8766737948574,0.0276970126315626,absolute standardized-numeric coefficients
518f332aced6b913,expanding_median,10.3824278016805,0.00779794391351895,absolute standardized-numeric coefficients
518f332aced6b913,expanding_std,9.92232695267196,0.00745237535444355,absolute standardized-numeric coefficients
518f332aced6b913,min_price_lag_1,122.937215432928,0.0923346185633959,absolute standardized-numeric coefficients
518f332aced6b913,max_price_lag_1,136.574491821702,0.102577185951691,absolute standardized-numeric coefficients
518f332aced6b913,previous_price_spread,112.229362331935,0.0842922570357554,absolute standardized-numeric coefficients
518f332aced6b913,recent_mean_gap_3,5.34505100801444,0.00401451459827615,absolute standardized-numeric coefficients
518f332aced6b913,state,1.53341058763656e-13,1.15170073774561e-16,absolute standardized-numeric coefficients
518f332aced6b913,district,5.60294948943693e-13,4.20821475511122e-16,absolute standardized-numeric coefficients
518f332aced6b913,market,1.76821892047996e-13,1.32805854585321e-16,absolute standardized-numeric coefficients
518f332aced6b913,commodity,2.64924932899933e-13,1.9897752312923e-16,absolute standardized-numeric coefficients
518f332aced6b913,variety,5.6717447533058e-13,4.25988490581319e-16,absolute standardized-numeric coefficients
518f332aced6b913,grade,1.12660061107974e-13,8.46157425406222e-17,absolute standardized-numeric coefficients
a71c104fe631e8bb,modal_price_lag_1,184.040864118274,0.122252486936749,absolute standardized-numeric coefficients
a71c104fe631e8bb,modal_price_lag_2,168.319700949408,0.111809418740236,absolute standardized-numeric coefficients
a71c104fe631e8bb,modal_price_lag_3,77.2508419763862,0.0513152749788315,absolute standardized-numeric coefficients
a71c104fe631e8bb,modal_price_lag_5,61.4902180765378,0.0408459942749929,absolute standardized-numeric coefficients
a71c104fe631e8bb,modal_price_lag_7,103.334382349812,0.0686417404572653,absolute standardized-numeric coefficients
a71c104fe631e8bb,rolling_mean_3,144.246351842428,0.0958182593239578,absolute standardized-numeric coefficients
a71c104fe631e8bb,rolling_median_3,147.688741768085,0.0981049293601686,absolute standardized-numeric coefficients
a71c104fe631e8bb,rolling_std_3,10.5661020320896,0.00701872519909633,absolute standardized-numeric coefficients
a71c104fe631e8bb,rolling_mean_7,69.9494754282428,0.0464652096260973,absolute standardized-numeric coefficients
a71c104fe631e8bb,rolling_median_7,63.5870903957784,0.0422388798009556,absolute standardized-numeric coefficients
a71c104fe631e8bb,rolling_std_7,21.7405132979839,0.0144415308561686,absolute standardized-numeric coefficients
a71c104fe631e8bb,rolling_range_7,37.8263650919914,0.0251268500961913,absolute standardized-numeric coefficients
a71c104fe631e8bb,previous_price_change,88.3707940858714,0.0587019051520547,absolute standardized-numeric coefficients
a71c104fe631e8bb,previous_percentage_change,7.01054860560767,0.00465688425194366,absolute standardized-numeric coefficients
a71c104fe631e8bb,expanding_mean,8.52595846119353,0.00566352277465117,absolute standardized-numeric coefficients
a71c104fe631e8bb,expanding_median,17.2296961778583,0.0114451386489585,absolute standardized-numeric coefficients
a71c104fe631e8bb,expanding_std,8.51001343963924,0.00565293100445593,absolute standardized-numeric coefficients
a71c104fe631e8bb,min_price_lag_1,143.253484562306,0.0951587291985451,absolute standardized-numeric coefficients
a71c104fe631e8bb,max_price_lag_1,121.683463910731,0.0808304511796076,absolute standardized-numeric coefficients
a71c104fe631e8bb,previous_price_spread,9.898415929986,0.00657520257782231,absolute standardized-numeric coefficients
a71c104fe631e8bb,recent_mean_gap_3,10.8930940119509,0.00723593556125109,absolute standardized-numeric coefficients
a71c104fe631e8bb,state,3.48826046593481e-14,2.31714037578967e-17,absolute standardized-numeric coefficients
a71c104fe631e8bb,district,1.96411954217073e-15,1.30470208245234e-18,absolute standardized-numeric coefficients
a71c104fe631e8bb,market,5.51639516474413e-14,3.66436568882021e-17,absolute standardized-numeric coefficients
a71c104fe631e8bb,commodity,3.60197746640826e-14,2.39267895892701e-17,absolute standardized-numeric coefficients
a71c104fe631e8bb,variety,3.25397674669918e-15,2.16151315972237e-18,absolute standardized-numeric coefficients
a71c104fe631e8bb,grade,5.96978592790092e-14,3.96553873870574e-17,absolute standardized-numeric coefficients
d6e713530bb54f8c,modal_price_lag_1,168.18169276468,0.172162880513163,absolute standardized-numeric coefficients
d6e713530bb54f8c,modal_price_lag_2,163.632723930773,0.167506228740096,absolute standardized-numeric coefficients
d6e713530bb54f8c,modal_price_lag_3,2.39993226068169,0.00245674332469436,absolute standardized-numeric coefficients
d6e713530bb54f8c,modal_price_lag_5,40.5678697006909,0.0415281900731371,absolute standardized-numeric coefficients
d6e713530bb54f8c,modal_price_lag_7,6.33225517503385,0.0064821519700339,absolute standardized-numeric coefficients
d6e713530bb54f8c,rolling_mean_3,110.255205982003,0.112865161132568,absolute standardized-numeric coefficients
d6e713530bb54f8c,rolling_median_3,103.854203501841,0.106312634474994,absolute standardized-numeric coefficients
d6e713530bb54f8c,rolling_std_3,3.15916666421644,0.0032339502831243,absolute standardized-numeric coefficients
d6e713530bb54f8c,rolling_mean_7,85.7300538990162,0.0877594510031175,absolute standardized-numeric coefficients
d6e713530bb54f8c,rolling_median_7,108.599741081213,0.111170508158019,absolute standardized-numeric coefficients
d6e713530bb54f8c,rolling_std_7,10.8040652092352,0.0110598184445471,absolute standardized-numeric coefficients
d6e713530bb54f8c,rolling_range_7,15.4803909034571,0.015846841862497,absolute standardized-numeric coefficients
d6e713530bb54f8c,previous_price_change,32.4784375209629,0.0332472653013399,absolute standardized-numeric coefficients
d6e713530bb54f8c,previous_percentage_change,6.62136040251564,0.00677810088050373,absolute standardized-numeric coefficients
d6e713530bb54f8c,expanding_mean,34.8541354700829,0.0356792006411868,absolute standardized-numeric coefficients
d6e713530bb54f8c,expanding_median,14.0432538832375,0.0143756850140562,absolute standardized-numeric coefficients
d6e713530bb54f8c,expanding_std,8.32924708856471,0.00852641656591963,absolute standardized-numeric coefficients
d6e713530bb54f8c,min_price_lag_1,21.477634386176,0.0219860517619261,absolute standardized-numeric coefficients
d6e713530bb54f8c,max_price_lag_1,22.4757703016835,0.0230078154957342,absolute standardized-numeric coefficients
d6e713530bb54f8c,previous_price_spread,9.94413942599228,0.0101795365456262,absolute standardized-numeric coefficients
d6e713530bb54f8c,recent_mean_gap_3,7.65417852220337,0.0078353678137152,absolute standardized-numeric coefficients
d6e713530bb54f8c,state,3.24040191346846e-14,3.3171085287129e-17,absolute standardized-numeric coefficients
d6e713530bb54f8c,district,7.61976118683943e-14,7.80013575308816e-17,absolute standardized-numeric coefficients
d6e713530bb54f8c,market,9.98074635053221e-14,1.02170100272633e-16,absolute standardized-numeric coefficients
d6e713530bb54f8c,commodity,2.86473679935467e-13,2.93255069075232e-16,absolute standardized-numeric coefficients
d6e713530bb54f8c,variety,3.28742959004416e-13,3.36524944185285e-16,absolute standardized-numeric coefficients
d6e713530bb54f8c,grade,2.250581089422e-13,2.30385672075192e-16,absolute standardized-numeric coefficients
106cbf2f08373602,modal_price_lag_1,0.751386732471718,0.751386732471718,training impurity decrease
106cbf2f08373602,modal_price_lag_2,0.00304285228933053,0.00304285228933053,training impurity decrease
106cbf2f08373602,modal_price_lag_3,4.62121931189971e-05,4.62121931189971e-05,training impurity decrease
106cbf2f08373602,modal_price_lag_5,9.42630805954596e-05,9.42630805954596e-05,training impurity decrease
106cbf2f08373602,modal_price_lag_7,0.000396706409968674,0.000396706409968674,training impurity decrease
106cbf2f08373602,rolling_mean_3,0.103825925452542,0.103825925452542,training impurity decrease
106cbf2f08373602,rolling_median_3,0.0116004233440821,0.0116004233440821,training impurity decrease
106cbf2f08373602,rolling_std_3,0.000738243428006009,0.000738243428006009,training impurity decrease
106cbf2f08373602,rolling_mean_7,0.00432333565684747,0.00432333565684747,training impurity decrease
106cbf2f08373602,rolling_median_7,4.55538692747514e-05,4.55538692747514e-05,training impurity decrease
106cbf2f08373602,rolling_std_7,0.0012981340807518,0.0012981340807518,training impurity decrease
106cbf2f08373602,rolling_range_7,0.00102237990822315,0.00102237990822315,training impurity decrease
106cbf2f08373602,previous_price_change,1.15758956360279e-06,1.15758956360279e-06,training impurity decrease
106cbf2f08373602,previous_percentage_change,2.35453373831414e-06,2.35453373831414e-06,training impurity decrease
106cbf2f08373602,expanding_mean,0.00213925271352552,0.00213925271352552,training impurity decrease
106cbf2f08373602,expanding_median,0.000260984854237527,0.000260984854237527,training impurity decrease
106cbf2f08373602,expanding_std,0.00197338532793611,0.00197338532793611,training impurity decrease
106cbf2f08373602,min_price_lag_1,0.00138718632342483,0.00138718632342483,training impurity decrease
106cbf2f08373602,max_price_lag_1,0.116075588922469,0.116075588922469,training impurity decrease
106cbf2f08373602,previous_price_spread,0.000298918746344612,0.000298918746344612,training impurity decrease
106cbf2f08373602,recent_mean_gap_3,4.04088043013345e-05,4.04088043013345e-05,training impurity decrease
106cbf2f08373602,state,0,0,training impurity decrease
106cbf2f08373602,district,0,0,training impurity decrease
106cbf2f08373602,market,0,0,training impurity decrease
106cbf2f08373602,commodity,0,0,training impurity decrease
106cbf2f08373602,variety,0,0,training impurity decrease
106cbf2f08373602,grade,0,0,training impurity decrease
deff683fe4455392,modal_price_lag_1,0.336161773366556,0.336161773366556,training impurity decrease
deff683fe4455392,modal_price_lag_2,0.0768689618796231,0.0768689618796231,training impurity decrease
deff683fe4455392,modal_price_lag_3,0.000593923862565533,0.000593923862565533,training impurity decrease
deff683fe4455392,modal_price_lag_5,0.000904645011789326,0.000904645011789326,training impurity decrease
deff683fe4455392,modal_price_lag_7,0.00107867013389643,0.00107867013389643,training impurity decrease
deff683fe4455392,rolling_mean_3,0.216770481886332,0.216770481886332,training impurity decrease
deff683fe4455392,rolling_median_3,0.2277859027325,0.2277859027325,training impurity decrease
deff683fe4455392,rolling_std_3,0.00023960896696688,0.00023960896696688,training impurity decrease
deff683fe4455392,rolling_mean_7,0.0165524871729104,0.0165524871729104,training impurity decrease
deff683fe4455392,rolling_median_7,0.00032163028456134,0.00032163028456134,training impurity decrease
deff683fe4455392,rolling_std_7,0.00221445107715915,0.00221445107715915,training impurity decrease
deff683fe4455392,rolling_range_7,0.000510024246180345,0.000510024246180345,training impurity decrease
deff683fe4455392,previous_price_change,0.000132659061817007,0.000132659061817007,training impurity decrease
deff683fe4455392,previous_percentage_change,0.000203625805251833,0.000203625805251833,training impurity decrease
deff683fe4455392,expanding_mean,0.0069723187813034,0.0069723187813034,training impurity decrease
deff683fe4455392,expanding_median,0.000306379771570155,0.000306379771570155,training impurity decrease
deff683fe4455392,expanding_std,0.00534746564755108,0.00534746564755108,training impurity decrease
deff683fe4455392,min_price_lag_1,0.104445910619673,0.104445910619673,training impurity decrease
deff683fe4455392,max_price_lag_1,0.00138466579253211,0.00138466579253211,training impurity decrease
deff683fe4455392,previous_price_spread,0.000740612541267676,0.000740612541267676,training impurity decrease
deff683fe4455392,recent_mean_gap_3,0.000463801357992807,0.000463801357992807,training impurity decrease
deff683fe4455392,state,0,0,training impurity decrease
deff683fe4455392,district,0,0,training impurity decrease
deff683fe4455392,market,0,0,training impurity decrease
deff683fe4455392,commodity,0,0,training impurity decrease
deff683fe4455392,variety,0,0,training impurity decrease
deff683fe4455392,grade,0,0,training impurity decrease
f17a4491dc2d8470,modal_price_lag_1,192.527439215087,0.108062377667889,absolute standardized-numeric coefficients
f17a4491dc2d8470,modal_price_lag_2,176.015862459132,0.0987947104170871,absolute standardized-numeric coefficients
f17a4491dc2d8470,modal_price_lag_3,12.8733826095927,0.00722561074459056,absolute standardized-numeric coefficients
f17a4491dc2d8470,modal_price_lag_5,12.9518074278485,0.00726962926144948,absolute standardized-numeric coefficients
f17a4491dc2d8470,modal_price_lag_7,65.2242129454205,0.0366092415768573,absolute standardized-numeric coefficients
f17a4491dc2d8470,rolling_mean_3,119.920054760749,0.0673090874752283,absolute standardized-numeric coefficients
f17a4491dc2d8470,rolling_median_3,144.047854217179,0.080851611012577,absolute standardized-numeric coefficients
f17a4491dc2d8470,rolling_std_3,2.5385328289712,0.00142483530869673,absolute standardized-numeric coefficients
f17a4491dc2d8470,rolling_mean_7,69.5006086293387,0.0390095097533671,absolute standardized-numeric coefficients
f17a4491dc2d8470,rolling_median_7,155.447885816578,0.0872502548897432,absolute standardized-numeric coefficients
f17a4491dc2d8470,rolling_std_7,33.1389417572178,0.0186003244746945,absolute standardized-numeric coefficients
f17a4491dc2d8470,rolling_range_7,14.9628413482612,0.00839838840298563,absolute standardized-numeric coefficients
f17a4491dc2d8470,previous_price_change,78.0211908003463,0.0437919676319298,absolute standardized-numeric coefficients
f17a4491dc2d8470,previous_percentage_change,12.6492753115411,0.00709982312917886,absolute standardized-numeric coefficients
f17a4491dc2d8470,expanding_mean,55.9204574830546,0.031387201847857,absolute standardized-numeric coefficients
f17a4491dc2d8470,expanding_median,21.4566606980243,0.0120432587754481,absolute standardized-numeric coefficients
f17a4491dc2d8470,expanding_std,45.4085417081647,0.0254870422804192,absolute standardized-numeric coefficients
f17a4491dc2d8470,min_price_lag_1,225.214567408273,0.126409106872263,absolute standardized-numeric coefficients
f17a4491dc2d8470,max_price_lag_1,200.925225685716,0.112775912407992,absolute standardized-numeric coefficients
f17a4491dc2d8470,previous_price_spread,137.323959517133,0.0770776032584734,absolute standardized-numeric coefficients
f17a4491dc2d8470,recent_mean_gap_3,5.56315234932028,0.00312250281127274,absolute standardized-numeric coefficients
f17a4491dc2d8470,state,2.5741737506479e-13,1.44483995195362e-16,absolute standardized-numeric coefficients
f17a4491dc2d8470,district,2.14865797142604e-13,1.20600518104832e-16,absolute standardized-numeric coefficients
f17a4491dc2d8470,market,7.39924449048682e-14,4.15307010703425e-17,absolute standardized-numeric coefficients
f17a4491dc2d8470,commodity,2.10480972826093e-13,1.18139390780696e-16,absolute standardized-numeric coefficients
f17a4491dc2d8470,variety,1.87581026488061e-14,1.05286040318842e-17,absolute standardized-numeric coefficients
f17a4491dc2d8470,grade,1.98615063416708e-13,1.1147925761112e-16,absolute standardized-numeric coefficients
a756f343bb8d8ca0,modal_price_lag_1,162.265429904893,0.0819867745853863,absolute standardized-numeric coefficients
a756f343bb8d8ca0,modal_price_lag_2,151.216757369636,0.0764042852951731,absolute standardized-numeric coefficients
a756f343bb8d8ca0,modal_price_lag_3,151.752344224742,0.0766748977034123,absolute standardized-numeric coefficients
a756f343bb8d8ca0,modal_price_lag_5,123.740232937735,0.0625214045342589,absolute standardized-numeric coefficients
a756f343bb8d8ca0,modal_price_lag_7,81.7413649204348,0.0413009158140553,absolute standardized-numeric coefficients
a756f343bb8d8ca0,rolling_mean_3,157.581812199593,0.0796203142168802,absolute standardized-numeric coefficients
a756f343bb8d8ca0,rolling_median_3,120.083315730564,0.0606736982981404,absolute standardized-numeric coefficients
a756f343bb8d8ca0,rolling_std_3,116.634100822193,0.0589309364211656,absolute standardized-numeric coefficients
a756f343bb8d8ca0,rolling_mean_7,77.5425011980652,0.0391793838665392,absolute standardized-numeric coefficients
a756f343bb8d8ca0,rolling_median_7,117.436251148822,0.0593362335818204,absolute standardized-numeric coefficients
a756f343bb8d8ca0,rolling_std_7,17.6807261536253,0.00893342291400486,absolute standardized-numeric coefficients
a756f343bb8d8ca0,rolling_range_7,54.312440613963,0.0274420856519413,absolute standardized-numeric coefficients
a756f343bb8d8ca0,previous_price_change,39.2714300469214,0.0198424142763487,absolute standardized-numeric coefficients
a756f343bb8d8ca0,previous_percentage_change,19.6515695604381,0.00992921785462875,absolute standardized-numeric coefficients
a756f343bb8d8ca0,expanding_mean,71.9852204274581,0.0363714935715176,absolute standardized-numeric coefficients
a756f343bb8d8ca0,expanding_median,25.0399328237087,0.0126517603241423,absolute standardized-numeric coefficients
a756f343bb8d8ca0,expanding_std,16.6747082492323,0.00842511893820005,absolute standardized-numeric coefficients
a756f343bb8d8ca0,min_price_lag_1,156.452439539194,0.0790496836039065,absolute standardized-numeric coefficients
a756f343bb8d8ca0,max_price_lag_1,164.745190163929,0.0832397065592672,absolute standardized-numeric coefficients
a756f343bb8d8ca0,previous_price_spread,148.352879513936,0.074957272777886,absolute standardized-numeric coefficients
a756f343bb8d8ca0,recent_mean_gap_3,5.0052694598775,0.00252897921132442,absolute standardized-numeric coefficients
a756f343bb8d8ca0,state,4.67510246868449e-13,2.362157931534e-16,absolute standardized-numeric coefficients
a756f343bb8d8ca0,district,1.5025703057429e-13,7.59193705201673e-17,absolute standardized-numeric coefficients
a756f343bb8d8ca0,market,8.37711826138493e-14,4.23265083002488e-17,absolute standardized-numeric coefficients
a756f343bb8d8ca0,commodity,2.97538161911987e-13,1.50335128224947e-16,absolute standardized-numeric coefficients
a756f343bb8d8ca0,variety,1.15184241789728e-13,5.81983757904449e-17,absolute standardized-numeric coefficients
a756f343bb8d8ca0,grade,1.51189205987793e-13,7.6390364591706e-17,absolute standardized-numeric coefficients
