commodity,month,observations,median_modal_price,q25,q75,median_spread
Onion,2024-01,580,1437.5,1205,1800,1000
Onion,2024-02,617,1300,1040,1500,810
Onion,2024-03,509,1450,1200,1800,900
Onion,2024-04,477,1330,1070,1525,825
Onion,2024-05,588,1450,1200,1750,800
Onion,2024-06,524,2150,1800,2500,1200
Onion,2024-07,601,2500,2150,3000,1400
Onion,2024-08,516,2800,2468.75,3262.5,1200
Onion,2024-09,513,3700,3125,4100,2000
Onion,2024-10,546,3800,3250,4500,2000
Onion,2024-11,517,3500,2700,4250,2500
Onion,2024-12,657,2350,1750,3000,1500
Onion,2025-01,675,1850,1630,2200,1300
Onion,2025-02,700,1955,1575,2400,1200
Onion,2025-03,658,1750,1371.25,2050,1000
Onion,2025-04,646,1100,850,1337.5,700
Onion,2025-05,643,1100,850,1250,700
Onion,2025-06,576,1250,1000,1500,800
Onion,2025-07,616,1350,1100,1500,900
Onion,2025-08,514,1350,1125,1500,900
Onion,2025-09,451,1200,1000,1400,800
Onion,2025-10,327,1200,1000,1375,800
Onion,2025-11,41,1250,1000,1500,1000
Onion,2025-12,174,1250,958.75,1500,915
Potato,2024-01,464,1200,1000,1500,500
Potato,2024-02,481,1200,1050,1400,500
Potato,2024-03,427,1350,1200,1600,500
Potato,2024-04,460,2000,1600,2250,500
Potato,2024-05,568,2050,1800,2250,500
Potato,2024-06,548,2300,2000,2500,525
Potato,2024-07,625,2500,2250,2750,550
Potato,2024-08,579,2500,2200,2750,600
Potato,2024-09,558,2500,2250,2800,500
Potato,2024-10,603,2650,2400,3000,600
Potato,2024-11,546,2650,2400,3000,725
Potato,2024-12,643,2400,2050,2750,800
Potato,2025-01,630,1850,1400,2250,600
Potato,2025-02,606,1200,1000,1400,500
Potato,2025-03,664,1100,850,1300,500
Potato,2025-04,661,1200,1000,1500,500
Potato,2025-05,721,1350,1150,1550,500
Potato,2025-06,643,1400,1175,1550,500
Potato,2025-07,711,1400,1150,1550,500
Potato,2025-08,648,1350,1100,1500,500
Potato,2025-09,570,1300,1150,1515,500
Potato,2025-10,411,1500,1200,1725,500
Potato,2025-11,62,1700,1300,1993.75,500
Potato,2025-12,171,1750,1400,2200,750
Tomato,2024-01,521,1250,1000,1700,550
Tomato,2024-02,534,2000,1625,2493.75,1000
Tomato,2024-03,495,1500,1250,1850,700
Tomato,2024-04,520,1150,950,1500,500
Tomato,2024-05,641,1400,1200,1800,500
Tomato,2024-06,617,2750,2050,4000,1000
Tomato,2024-07,683,5200,4500,6000,1500
Tomato,2024-08,608,3000,2500,3750,1000
Tomato,2024-09,577,2850,2100,3750,1000
Tomato,2024-10,615,4500,3750,5500,1500
Tomato,2024-11,532,2800,2500,3400,1000
Tomato,2024-12,608,2500,2000,3000,1000
Tomato,2025-01,647,1200,800,1500,500
Tomato,2025-02,613,700,500,950,400
Tomato,2025-03,697,600,450,750,400
Tomato,2025-04,692,750,600,950,500
Tomato,2025-05,735,1450,1200,1750,600
Tomato,2025-06,696,2000,1600,2500,1000
Tomato,2025-07,761,2550,2000,3150,1000
Tomato,2025-08,679,3400,2250,4250,1000
Tomato,2025-09,716,2000,1525,2400,800
Tomato,2025-10,531,1950,1550,2290,800
Tomato,2025-11,48,1800,1452.5,2200,700
Tomato,2025-12,198,3000,2250,3500,1000
