state,district,market,commodity,variety,grade,series_id,window,fit_rows,fit_end,target_start,target_end,target_count,config_id
Gujarat,Navsari,Bilimora,Onion,Nasik,FAQ,106cbf2f08373602,1,485,2025-08-16,2025-08-17,2025-09-08,20,rf_leaf8
Gujarat,Navsari,Bilimora,Onion,Nasik,FAQ,106cbf2f08373602,2,505,2025-09-08,2025-09-09,2025-10-02,20,rf_leaf8
Gujarat,Navsari,Bilimora,Onion,Nasik,FAQ,106cbf2f08373602,3,525,2025-10-02,2025-10-03,2025-11-05,20,rf_leaf8
Gujarat,Dahod,Dahod (Veg. Market),Onion,Onion,FAQ,240bef14621574cd,1,545,2025-08-13,2025-08-14,2025-09-03,20,extra_trees
Gujarat,Dahod,Dahod (Veg. Market),Onion,Onion,FAQ,240bef14621574cd,2,565,2025-09-03,2025-09-04,2025-10-02,20,extra_trees
Gujarat,Dahod,Dahod (Veg. Market),Onion,Onion,FAQ,240bef14621574cd,3,585,2025-10-02,2025-10-04,2025-11-04,20,extra_trees
Gujarat,Dahod,Dahod (Veg. Market),Potato,Potato,FAQ,314b4dfffac5b7bc,1,560,2025-08-19,2025-08-20,2025-09-11,20,rf_leaf8
Gujarat,Dahod,Dahod (Veg. Market),Potato,Potato,FAQ,314b4dfffac5b7bc,2,580,2025-09-11,2025-09-12,2025-10-06,20,rf_leaf8
Gujarat,Dahod,Dahod (Veg. Market),Potato,Potato,FAQ,314b4dfffac5b7bc,3,600,2025-10-06,2025-10-07,2025-11-03,20,rf_leaf8
Gujarat,Dahod,Dahod (Veg. Market),Tomato,Tomato,FAQ,518f332aced6b913,1,566,2025-08-25,2025-08-26,2025-09-15,20,ridge_10
Gujarat,Dahod,Dahod (Veg. Market),Tomato,Tomato,FAQ,518f332aced6b913,2,586,2025-09-15,2025-09-16,2025-10-05,20,ridge_10
Gujarat,Dahod,Dahod (Veg. Market),Tomato,Tomato,FAQ,518f332aced6b913,3,606,2025-10-05,2025-10-06,2025-11-03,20,ridge_10
Gujarat,Kheda,Kapadvanj,Onion,Other,FAQ,a71c104fe631e8bb,1,459,2025-08-06,2025-08-07,2025-09-01,20,ridge_10
Gujarat,Kheda,Kapadvanj,Onion,Other,FAQ,a71c104fe631e8bb,2,479,2025-09-01,2025-09-02,2025-09-23,20,ridge_10
Gujarat,Kheda,Kapadvanj,Onion,Other,FAQ,a71c104fe631e8bb,3,499,2025-09-23,2025-09-24,2025-11-04,20,ridge_10
Gujarat,Navsari,Navsari,Tomato,Other,FAQ,a756f343bb8d8ca0,1,492,2025-08-22,2025-08-23,2025-09-12,20,ridge_10
Gujarat,Navsari,Navsari,Tomato,Other,FAQ,a756f343bb8d8ca0,2,512,2025-09-12,2025-09-13,2025-10-02,20,ridge_10
Gujarat,Navsari,Navsari,Tomato,Other,FAQ,a756f343bb8d8ca0,3,532,2025-10-02,2025-10-03,2025-11-05,20,ridge_10
Gujarat,Kheda,Kapadvanj,Potato,Other,FAQ,d6e713530bb54f8c,1,473,2025-08-03,2025-08-04,2025-08-29,20,ridge_1
Gujarat,Kheda,Kapadvanj,Potato,Other,FAQ,d6e713530bb54f8c,2,493,2025-08-29,2025-08-30,2025-09-21,20,ridge_1
Gujarat,Kheda,Kapadvanj,Potato,Other,FAQ,d6e713530bb54f8c,3,513,2025-09-21,2025-09-22,2025-11-04,20,ridge_1
Gujarat,Navsari,Bilimora,Potato,Other,FAQ,deff683fe4455392,1,480,2025-08-12,2025-08-13,2025-09-01,20,rf_leaf3
Gujarat,Navsari,Bilimora,Potato,Other,FAQ,deff683fe4455392,2,500,2025-09-01,2025-09-02,2025-09-25,20,rf_leaf3
Gujarat,Navsari,Bilimora,Potato,Other,FAQ,deff683fe4455392,3,520,2025-09-25,2025-09-27,2025-11-05,20,rf_leaf3
Gujarat,Navsari,Bilimora,Tomato,Other,FAQ,f17a4491dc2d8470,1,491,2025-08-21,2025-08-22,2025-09-10,20,ridge_10
Gujarat,Navsari,Bilimora,Tomato,Other,FAQ,f17a4491dc2d8470,2,511,2025-09-10,2025-09-11,2025-09-30,20,ridge_10
Gujarat,Navsari,Bilimora,Tomato,Other,FAQ,f17a4491dc2d8470,3,531,2025-09-30,2025-10-01,2025-11-05,20,ridge_10
