model,method,shock,observations,mae,rmse,smape,bias,median_signed_error,over_rate,under_rate
ExtraTrees,ml_frozen,False,46,152.342266199502,180.589203116062,12.1827281418899,51.1789150359696,74.9686815136851,0.630434782608696,0.369565217391304
ExtraTrees,ml_frozen,True,14,346.047607065426,368.071907972275,28.3854222681141,-71.1085484823786,-248.703416309835,0.357142857142857,0.642857142857143
ExtraTrees,ml_refit,False,46,154.816978208416,180.906451993029,12.386030945065,41.9477933749263,78.9816671418575,0.608695652173913,0.391304347826087
ExtraTrees,ml_refit,True,14,330.898676281576,353.937940317805,27.1460791807683,-69.2500171365353,-210.631225830223,0.428571428571429,0.571428571428571
ExtraTrees,selected_baseline,False,46,151.242236024845,178.819703183605,12.1425573304453,8.38509316770187,17.8571428571428,0.521739130434783,0.478260869565217
ExtraTrees,selected_baseline,True,14,300,325.887440547661,24.6560146540879,-102.040816326531,-235.714285714286,0.428571428571429,0.571428571428571
RandomForest,ml_frozen,False,167,65.0065864696459,89.3507136300905,4.61957017690816,8.20184551782957,5.39520082133004,0.574850299401198,0.425149700598802
RandomForest,ml_frozen,True,13,218.136822648634,270.192316391512,12.3612023849285,-181.354835673337,-171.46450049916,0.230769230769231,0.769230769230769
RandomForest,ml_refit,False,167,67.1170303605111,92.5810112295121,4.75717105269821,5.8101168019798,1.4962182889044,0.514970059880239,0.48502994011976
RandomForest,ml_refit,True,13,216.299952250504,271.437418084916,12.3040913429611,-189.255175354266,-180.218000742807,0.153846153846154,0.846153846153846
RandomForest,selected_baseline,False,167,38.2805816937553,71.3065681759911,2.89879137213876,1.49700598802395,0,0.25748502994012,0.161676646706587
RandomForest,selected_baseline,True,13,231.318681318681,273.538646071847,13.4675426286843,-185.164835164835,-235.714285714286,0.0769230769230769,0.923076923076923
Ridge,ml_frozen,False,281,133.267059717266,220.989803414336,7.68855238923878,52.3843730629424,19.0841271939501,0.679715302491103,0.320284697508897
Ridge,ml_frozen,True,19,555.508457565158,651.24123531853,33.9182747865388,36.4264503830816,-296.11251669364,0.421052631578947,0.578947368421053
Ridge,ml_refit,False,281,131.41212920743,219.35729627447,7.56036994826721,47.7037328650108,16.512334933911,0.654804270462633,0.345195729537367
Ridge,ml_refit,True,19,561.12886200978,656.580525968674,34.2813173517568,36.9626141795436,-301.098766004297,0.421052631578947,0.578947368421053
Ridge,selected_baseline,False,281,110.5871886121,213.565103377829,6.21421772010479,18.9501779359431,0,0.213523131672598,0.192170818505338
Ridge,selected_baseline,True,19,680.263157894737,793.165709108294,41.5763530840282,6.57894736842105,-300,0.421052631578947,0.578947368421053
