state,district,market,commodity,variety,grade,series_id,date,window,method,selected_baseline,ml_config,actual,prediction,absolute_error,signed_error,previous_price,price_change,absolute_percentage_change,gap_days,gap_band,historical_volatility,volatility_band,shock,shock_threshold,history_end,ml_fit_end
Gujarat,Navsari,Navsari,Tomato,Other,FAQ,a756f343bb8d8ca0,2025-08-25,1,ml_frozen,naive,ridge_10,2500,3994.9094292083,1494.9094292083,1494.9094292083,4500,-2000,44.4444444444444,1,1 day,1024.98548189486,high,True,30.1153846153846,2025-08-24,
Gujarat,Navsari,Navsari,Tomato,Other,FAQ,a756f343bb8d8ca0,2025-08-24,1,ml_frozen,naive,ridge_10,4500,3296.45258920077,1203.54741079923,-1203.54741079923,3500,1000,28.5714285714286,1,1 day,933.82215090659,high,False,30.1153846153846,2025-08-23,
Gujarat,Navsari,Navsari,Tomato,Other,FAQ,a756f343bb8d8ca0,2025-10-12,3,ml_frozen,naive,ridge_10,2500,1409.81514559709,1090.18485440291,-1090.18485440291,1325,1175,88.6792452830189,1,1 day,151.382517704875,medium,True,30.1153846153846,2025-10-11,
Gujarat,Navsari,Navsari,Tomato,Other,FAQ,a756f343bb8d8ca0,2025-10-27,3,ml_frozen,naive,ridge_10,1000,2004.72800867438,1004.72800867438,1004.72800867438,2000,-1000,50,8,4+ days,127.358698545636,medium,True,30.1153846153846,2025-10-19,
Gujarat,Dahod,Dahod (Veg. Market),Tomato,Tomato,FAQ,518f332aced6b913,2025-10-27,3,ml_frozen,naive,ridge_10,1000,1898.26726074294,898.26726074294,898.26726074294,2000,-1000,50,4,4+ days,214.919697074224,medium,True,42.8571428571429,2025-10-23,
Gujarat,Dahod,Dahod (Veg. Market),Tomato,Tomato,FAQ,518f332aced6b913,2025-08-29,1,ml_frozen,naive,ridge_10,1500,2375.15614549912,875.15614549912,875.15614549912,2150,-650,30.2325581395349,2,2-3 days,554.312100501067,high,False,42.8571428571429,2025-08-27,
Gujarat,Dahod,Dahod (Veg. Market),Tomato,Tomato,FAQ,518f332aced6b913,2025-08-26,1,ml_frozen,naive,ridge_10,2000,2790.18479043071,790.18479043071,790.18479043071,2800,-800,28.5714285714286,1,1 day,545.326464038701,high,False,42.8571428571429,2025-08-25,
Gujarat,Navsari,Bilimora,Tomato,Other,FAQ,f17a4491dc2d8470,2025-10-27,3,ml_frozen,naive,ridge_10,1200,1950.70352560834,750.70352560834,750.70352560834,2000,-800,40,9,4+ days,258.198889747161,high,True,28.8571428571428,2025-10-18,
Gujarat,Navsari,Navsari,Tomato,Other,FAQ,a756f343bb8d8ca0,2025-08-27,1,ml_frozen,naive,ridge_10,2625,3374.80871266097,749.80871266097,749.80871266097,2625,0,0,1,1 day,701.295569778162,high,False,30.1153846153846,2025-08-26,
Gujarat,Navsari,Navsari,Tomato,Other,FAQ,a756f343bb8d8ca0,2025-08-26,1,ml_frozen,naive,ridge_10,2625,3291.3392641642,666.3392641642,666.3392641642,2500,125,5,1,1 day,592.613260221602,high,False,30.1153846153846,2025-08-25,
Gujarat,Navsari,Navsari,Tomato,Other,FAQ,a756f343bb8d8ca0,2025-08-25,1,ml_refit,naive,ridge_10,2500,3994.9094292083,1494.9094292083,1494.9094292083,4500,-2000,44.4444444444444,1,1 day,1024.98548189486,high,True,30.1153846153846,2025-08-24,2025-08-22
Gujarat,Navsari,Navsari,Tomato,Other,FAQ,a756f343bb8d8ca0,2025-08-24,1,ml_refit,naive,ridge_10,4500,3296.45258920077,1203.54741079923,-1203.54741079923,3500,1000,28.5714285714286,1,1 day,933.82215090659,high,False,30.1153846153846,2025-08-23,2025-08-22
Gujarat,Navsari,Navsari,Tomato,Other,FAQ,a756f343bb8d8ca0,2025-10-12,3,ml_refit,naive,ridge_10,2500,1387.88553498837,1112.11446501163,-1112.11446501163,1325,1175,88.6792452830189,1,1 day,151.382517704875,medium,True,30.1153846153846,2025-10-11,2025-10-02
Gujarat,Navsari,Navsari,Tomato,Other,FAQ,a756f343bb8d8ca0,2025-10-27,3,ml_refit,naive,ridge_10,1000,2015.90710850637,1015.90710850637,1015.90710850637,2000,-1000,50,8,4+ days,127.358698545636,medium,True,30.1153846153846,2025-10-19,2025-10-02
Gujarat,Dahod,Dahod (Veg. Market),Tomato,Tomato,FAQ,518f332aced6b913,2025-10-27,3,ml_refit,naive,ridge_10,1000,1900.43823821244,900.438238212435,900.438238212435,2000,-1000,50,4,4+ days,214.919697074224,medium,True,42.8571428571429,2025-10-23,2025-10-05
Gujarat,Dahod,Dahod (Veg. Market),Tomato,Tomato,FAQ,518f332aced6b913,2025-08-29,1,ml_refit,naive,ridge_10,1500,2375.15614549912,875.156145499118,875.156145499118,2150,-650,30.2325581395349,2,2-3 days,554.312100501067,high,False,42.8571428571429,2025-08-27,2025-08-25
Gujarat,Dahod,Dahod (Veg. Market),Tomato,Tomato,FAQ,518f332aced6b913,2025-08-26,1,ml_refit,naive,ridge_10,2000,2790.18479043071,790.184790430711,790.184790430711,2800,-800,28.5714285714286,1,1 day,545.326464038701,high,False,42.8571428571429,2025-08-25,2025-08-25
Gujarat,Navsari,Navsari,Tomato,Other,FAQ,a756f343bb8d8ca0,2025-08-27,1,ml_refit,naive,ridge_10,2625,3374.80871266097,749.808712660968,749.808712660968,2625,0,0,1,1 day,701.295569778162,high,False,30.1153846153846,2025-08-26,2025-08-22
Gujarat,Navsari,Bilimora,Tomato,Other,FAQ,f17a4491dc2d8470,2025-10-27,3,ml_refit,naive,ridge_10,1200,1946.21977484134,746.21977484134,746.21977484134,2000,-800,40,9,4+ days,258.198889747161,high,True,28.8571428571428,2025-10-18,2025-09-30
Gujarat,Navsari,Navsari,Tomato,Other,FAQ,a756f343bb8d8ca0,2025-08-26,1,ml_refit,naive,ridge_10,2625,3291.3392641642,666.339264164203,666.339264164203,2500,125,5,1,1 day,592.613260221602,high,False,30.1153846153846,2025-08-25,2025-08-22
Gujarat,Navsari,Navsari,Tomato,Other,FAQ,a756f343bb8d8ca0,2025-08-25,1,selected_baseline,naive,ridge_10,2500,4500,2000,2000,4500,-2000,44.4444444444444,1,1 day,1024.98548189486,high,True,30.1153846153846,2025-08-24,
Gujarat,Navsari,Navsari,Tomato,Other,FAQ,a756f343bb8d8ca0,2025-10-12,3,selected_baseline,naive,ridge_10,2500,1325,1175,-1175,1325,1175,88.6792452830189,1,1 day,151.382517704875,medium,True,30.1153846153846,2025-10-11,
Gujarat,Dahod,Dahod (Veg. Market),Tomato,Tomato,FAQ,518f332aced6b913,2025-10-27,3,selected_baseline,naive,ridge_10,1000,2000,1000,1000,2000,-1000,50,4,4+ days,214.919697074224,medium,True,42.8571428571429,2025-10-23,
Gujarat,Navsari,Navsari,Tomato,Other,FAQ,a756f343bb8d8ca0,2025-08-24,1,selected_baseline,naive,ridge_10,4500,3500,1000,-1000,3500,1000,28.5714285714286,1,1 day,933.82215090659,high,False,30.1153846153846,2025-08-23,
Gujarat,Navsari,Navsari,Tomato,Other,FAQ,a756f343bb8d8ca0,2025-10-27,3,selected_baseline,naive,ridge_10,1000,2000,1000,1000,2000,-1000,50,8,4+ days,127.358698545636,medium,True,30.1153846153846,2025-10-19,
Gujarat,Dahod,Dahod (Veg. Market),Tomato,Tomato,FAQ,518f332aced6b913,2025-08-26,1,selected_baseline,naive,ridge_10,2000,2800,800,800,2800,-800,28.5714285714286,1,1 day,545.326464038701,high,False,42.8571428571429,2025-08-25,
Gujarat,Dahod,Dahod (Veg. Market),Tomato,Tomato,FAQ,518f332aced6b913,2025-10-31,3,selected_baseline,naive,ridge_10,1800,1000,800,-800,1000,800,80,4,4+ days,449.867705421219,high,True,42.8571428571429,2025-10-27,
Gujarat,Dahod,Dahod (Veg. Market),Tomato,Tomato,FAQ,518f332aced6b913,2025-11-01,3,selected_baseline,naive,ridge_10,1000,1800,800,800,1800,-800,44.4444444444444,1,1 day,450.924975282289,high,True,42.8571428571429,2025-10-31,
Gujarat,Navsari,Bilimora,Tomato,Other,FAQ,f17a4491dc2d8470,2025-10-27,3,selected_baseline,naive,ridge_10,1200,2000,800,800,2000,-800,40,9,4+ days,258.198889747161,high,True,28.8571428571428,2025-10-18,
Gujarat,Navsari,Navsari,Tomato,Other,FAQ,a756f343bb8d8ca0,2025-10-13,3,selected_baseline,naive,ridge_10,1750,2500,750,750,2500,-750,30,1,1 day,403.481869540155,high,False,30.1153846153846,2025-10-12,
