commodity,method,observations,mae,rmse,smape,bias,median_signed_error,over_rate,under_rate
Onion,ml_frozen,180,101.723781536039,152.978561329047,8.10629104383033,25.7029647694666,23.742708272615,0.716666666666667,0.283333333333333
Onion,ml_refit,180,101.957669845781,151.180327534869,8.12323783634733,24.7721216483406,23.1453106573928,0.733333333333333,0.266666666666667
Onion,selected_baseline,180,80.3174603174603,139.846246961138,6.44053867297326,-6.9047619047619,0,0.227777777777778,0.233333333333333
Potato,ml_frozen,180,68.4897644316866,112.701470977067,4.66673574309318,-15.1309502258252,-0.949211043364926,0.483333333333333,0.516666666666667
Potato,ml_refit,180,68.6055699739943,114.048237190562,4.65250197055337,-20.084383117015,-4.92935853960887,0.416666666666667,0.583333333333333
Potato,selected_baseline,180,51.9444444444444,107.273967399517,3.68415911244071,-10.8730158730159,0,0.244444444444444,0.211111111111111
Tomato,ml_frozen,180,238.380864328085,341.253122392332,13.3097270972354,77.1108584485298,61.067297917015,0.644444444444444,0.355555555555556
Tomato,ml_refit,180,237.008219071696,340.792688607333,13.2243283620399,70.7406452805614,59.0225336562539,0.594444444444444,0.405555555555556
Tomato,selected_baseline,180,226.388888888889,364.82491995781,12.6478796791625,30.2777777777778,0,0.316666666666667,0.3
