state,district,market,commodity,variety,grade,series_id,shock_abs_percent_95,volatility_q33,volatility_q67,threshold_history_end
Gujarat,Navsari,Bilimora,Onion,Nasik,FAQ,106cbf2f08373602,16.6666666666667,89.9735410842437,169.494527756014,2025-06-14
Gujarat,Dahod,Dahod (Veg. Market),Onion,Onion,FAQ,240bef14621574cd,27.0509977827051,151.185789203691,246.942306484248,2025-06-09
Gujarat,Dahod,Dahod (Veg. Market),Potato,Potato,FAQ,314b4dfffac5b7bc,20,79.1791770225386,121.498579258791,2025-06-15
Gujarat,Dahod,Dahod (Veg. Market),Tomato,Tomato,FAQ,518f332aced6b913,42.8571428571429,183.864606272424,299.205296617238,2025-06-21
Gujarat,Kheda,Kapadvanj,Onion,Other,FAQ,a71c104fe631e8bb,20,56.6946709513841,146.38501094228,2025-06-05
Gujarat,Navsari,Navsari,Tomato,Other,FAQ,a756f343bb8d8ca0,30.1153846153846,118.352608932807,267.724035055876,2025-06-23
Gujarat,Kheda,Kapadvanj,Potato,Other,FAQ,d6e713530bb54f8c,13.7012987012987,18.8982236504614,66.8153104781061,2025-06-03
Gujarat,Navsari,Bilimora,Potato,Other,FAQ,deff683fe4455392,11.1111111111111,48.7950036474267,97.5900072948533,2025-06-09
Gujarat,Navsari,Bilimora,Tomato,Other,FAQ,f17a4491dc2d8470,28.8571428571428,146.38501094228,246.881577834653,2025-06-20
