state,district,market,commodity,variety,grade,series_id,method,mae_mean,mae_median,mae_std,mae_best,mae_worst
Gujarat,Dahod,Dahod (Veg. Market),Onion,Onion,FAQ,240bef14621574cd,historical_mean,884.470006447562,894.677555139414,82.3302222510954,778.920959907521,979.81150429575
Gujarat,Dahod,Dahod (Veg. Market),Onion,Onion,FAQ,240bef14621574cd,historical_median,614.166666666667,647.5,102.760509059766,475,720
Gujarat,Dahod,Dahod (Veg. Market),Onion,Onion,FAQ,240bef14621574cd,ml_frozen,197.540179068218,207.120280213952,28.1272706997234,159.315396822263,226.184860168439
Gujarat,Dahod,Dahod (Veg. Market),Onion,Onion,FAQ,240bef14621574cd,ml_refit,195.90270775882,201.85579262577,27.4799344642695,159.667470482252,226.184860168438
Gujarat,Dahod,Dahod (Veg. Market),Onion,Onion,FAQ,240bef14621574cd,naive,228.333333333333,255,41.2983723112129,170,260
Gujarat,Dahod,Dahod (Veg. Market),Onion,Onion,FAQ,240bef14621574cd,rolling_mean_3,191.111111111111,203.333333333333,24.6956786343254,156.666666666667,213.333333333333
Gujarat,Dahod,Dahod (Veg. Market),Onion,Onion,FAQ,240bef14621574cd,rolling_mean_5,182.5,197,22.2972345071461,151,199.5
Gujarat,Dahod,Dahod (Veg. Market),Onion,Onion,FAQ,240bef14621574cd,rolling_mean_7,185.952380952381,192.142857142857,26.0319879973269,151.428571428571,214.285714285714
Gujarat,Dahod,Dahod (Veg. Market),Onion,Onion,FAQ,240bef14621574cd,rolling_median_5,175.833333333333,185,18.5217589757441,150,192.5
Gujarat,Dahod,Dahod (Veg. Market),Onion,Onion,FAQ,240bef14621574cd,selected_baseline,185.952380952381,192.142857142857,26.0319879973269,151.428571428571,214.285714285714
Gujarat,Dahod,Dahod (Veg. Market),Potato,Potato,FAQ,314b4dfffac5b7bc,historical_mean,487.724461575226,492.632970288097,74.5874317535199,394.018591506845,576.521822930737
Gujarat,Dahod,Dahod (Veg. Market),Potato,Potato,FAQ,314b4dfffac5b7bc,historical_median,240,237.5,50.0416493200081,180,302.5
Gujarat,Dahod,Dahod (Veg. Market),Potato,Potato,FAQ,314b4dfffac5b7bc,ml_frozen,88.7518809707895,82.1278576453355,10.4470090413142,80.627034100605,103.500751166428
Gujarat,Dahod,Dahod (Veg. Market),Potato,Potato,FAQ,314b4dfffac5b7bc,ml_refit,87.1643401073581,82.1278576453352,10.1024359700353,78.1039716592978,101.261191017441
Gujarat,Dahod,Dahod (Veg. Market),Potato,Potato,FAQ,314b4dfffac5b7bc,naive,102.5,92.5,19.6850196850295,85,130
Gujarat,Dahod,Dahod (Veg. Market),Potato,Potato,FAQ,314b4dfffac5b7bc,rolling_mean_3,85,83.3333333333333,8.9235435578939,75,96.6666666666667
Gujarat,Dahod,Dahod (Veg. Market),Potato,Potato,FAQ,314b4dfffac5b7bc,rolling_mean_5,83.5,79,15.2370163308525,67.5,104
Gujarat,Dahod,Dahod (Veg. Market),Potato,Potato,FAQ,314b4dfffac5b7bc,rolling_mean_7,85,77.8571428571428,15.9825585207985,70,107.142857142857
Gujarat,Dahod,Dahod (Veg. Market),Potato,Potato,FAQ,314b4dfffac5b7bc,rolling_median_5,77.5,77.5,8.16496580927726,67.5,87.5
Gujarat,Dahod,Dahod (Veg. Market),Potato,Potato,FAQ,314b4dfffac5b7bc,selected_baseline,85,77.8571428571428,15.9825585207985,70,107.142857142857
Gujarat,Dahod,Dahod (Veg. Market),Tomato,Tomato,FAQ,518f332aced6b913,historical_mean,524.607608128149,424.395456212475,172.430326942668,382.187140641567,767.240227530405
Gujarat,Dahod,Dahod (Veg. Market),Tomato,Tomato,FAQ,518f332aced6b913,historical_median,427.916666666667,491.25,90.4521819649599,300,492.5
Gujarat,Dahod,Dahod (Veg. Market),Tomato,Tomato,FAQ,518f332aced6b913,ml_frozen,249.012339974771,257.255721282252,68.0260925267823,161.88246360927,327.898835032791
Gujarat,Dahod,Dahod (Veg. Market),Tomato,Tomato,FAQ,518f332aced6b913,ml_refit,248.728626028537,261.744617311972,70.5588018283319,156.542425740849,327.898835032791
Gujarat,Dahod,Dahod (Veg. Market),Tomato,Tomato,FAQ,518f332aced6b913,naive,240,275,75.608641481425,135,310
Gujarat,Dahod,Dahod (Veg. Market),Tomato,Tomato,FAQ,518f332aced6b913,rolling_mean_3,272.5,281.666666666667,66.6562491860707,186.666666666667,349.166666666667
Gujarat,Dahod,Dahod (Veg. Market),Tomato,Tomato,FAQ,518f332aced6b913,rolling_mean_5,313.166666666667,270,92.3510813267621,228,441.5
Gujarat,Dahod,Dahod (Veg. Market),Tomato,Tomato,FAQ,518f332aced6b913,rolling_mean_7,342.142857142857,284.285714285714,120.038259207094,232.857142857143,509.285714285714
Gujarat,Dahod,Dahod (Veg. Market),Tomato,Tomato,FAQ,518f332aced6b913,rolling_median_5,311.666666666667,270,81.0692433801021,240,425
Gujarat,Dahod,Dahod (Veg. Market),Tomato,Tomato,FAQ,518f332aced6b913,selected_baseline,240,275,75.608641481425,135,310
Gujarat,Kheda,Kapadvanj,Onion,Other,FAQ,a71c104fe631e8bb,historical_mean,848.150628169647,815.80570972573,61.1222485101991,794.902279397489,933.743895385723
Gujarat,Kheda,Kapadvanj,Onion,Other,FAQ,a71c104fe631e8bb,historical_median,539.233333333333,503.75,62.8122909062302,486.45,627.5
Gujarat,Kheda,Kapadvanj,Onion,Other,FAQ,a71c104fe631e8bb,ml_frozen,46.8133449635735,43.324365154698,18.7666664134321,25.7729293968555,71.342740339167
Gujarat,Kheda,Kapadvanj,Onion,Other,FAQ,a71c104fe631e8bb,ml_refit,43.9048396946181,41.2583602830228,15.9949106826308,25.772929396856,64.6832294039753
Gujarat,Kheda,Kapadvanj,Onion,Other,FAQ,a71c104fe631e8bb,naive,23.3333333333333,18.75,15.1497158022482,7.5,43.75
Gujarat,Kheda,Kapadvanj,Onion,Other,FAQ,a71c104fe631e8bb,rolling_mean_3,41.1111111111111,32.9166666666667,25.3364703223449,15,75.4166666666667
Gujarat,Kheda,Kapadvanj,Onion,Other,FAQ,a71c104fe631e8bb,rolling_mean_5,48.8333333333333,39.75,24.8296977204494,24,82.75
Gujarat,Kheda,Kapadvanj,Onion,Other,FAQ,a71c104fe631e8bb,rolling_mean_7,54.1071428571429,45.5357142857143,22.5542618564908,31.7857142857143,85
Gujarat,Kheda,Kapadvanj,Onion,Other,FAQ,a71c104fe631e8bb,rolling_median_5,50.8333333333333,42.5,27.1825107171668,22.5,87.5
Gujarat,Kheda,Kapadvanj,Onion,Other,FAQ,a71c104fe631e8bb,selected_baseline,23.3333333333333,18.75,15.1497158022482,7.5,43.75
Gujarat,Kheda,Kapadvanj,Potato,Other,FAQ,d6e713530bb54f8c,historical_mean,446.089642083172,492.547091937254,93.4077383443328,315.768492640217,529.953341672044
Gujarat,Kheda,Kapadvanj,Potato,Other,FAQ,d6e713530bb54f8c,historical_median,119.75,113.75,13.2511791928115,107.375,138.125
Gujarat,Kheda,Kapadvanj,Potato,Other,FAQ,d6e713530bb54f8c,ml_frozen,38.0891366236676,20.5485553840704,28.7386309207056,15.108689171295,78.6101653156375
Gujarat,Kheda,Kapadvanj,Potato,Other,FAQ,d6e713530bb54f8c,ml_refit,38.2081145148549,20.5485553840715,29.0000878222139,14.9814966060456,79.0942915544475
Gujarat,Kheda,Kapadvanj,Potato,Other,FAQ,d6e713530bb54f8c,naive,30.8333333333333,11.25,28.5834548102375,10,71.25
Gujarat,Kheda,Kapadvanj,Potato,Other,FAQ,d6e713530bb54f8c,rolling_mean_3,44.4444444444444,22.5,32.8177722101837,20,90.8333333333333
Gujarat,Kheda,Kapadvanj,Potato,Other,FAQ,d6e713530bb54f8c,rolling_mean_5,58.3333333333333,35,38.239559214103,27.75,112.25
Gujarat,Kheda,Kapadvanj,Potato,Other,FAQ,d6e713530bb54f8c,rolling_mean_7,66.7857142857143,43.2142857142857,36.1485502762535,39.2857142857143,117.857142857143
Gujarat,Kheda,Kapadvanj,Potato,Other,FAQ,d6e713530bb54f8c,rolling_median_5,56.25,35,34.5657585865936,28.75,105
Gujarat,Kheda,Kapadvanj,Potato,Other,FAQ,d6e713530bb54f8c,selected_baseline,30.8333333333333,11.25,28.5834548102375,10,71.25
Gujarat,Navsari,Bilimora,Onion,Nasik,FAQ,106cbf2f08373602,historical_mean,1052.76508113935,1035.28565167973,40.4373962292301,1014.34944961845,1108.66014211987
Gujarat,Navsari,Bilimora,Onion,Nasik,FAQ,106cbf2f08373602,historical_median,680.833333333333,675,44.0801038514606,630,737.5
Gujarat,Navsari,Bilimora,Onion,Nasik,FAQ,106cbf2f08373602,ml_frozen,60.8178205763262,61.9645773185875,30.4051983221069,23.019076669844,97.469807740547
Gujarat,Navsari,Bilimora,Onion,Nasik,FAQ,106cbf2f08373602,ml_refit,66.0654620839034,63.5755731577895,36.2065515474004,23.0190766698439,111.601736424077
Gujarat,Navsari,Bilimora,Onion,Nasik,FAQ,106cbf2f08373602,naive,31.6666666666667,35,12.4721912892465,15,45
Gujarat,Navsari,Bilimora,Onion,Nasik,FAQ,106cbf2f08373602,rolling_mean_3,54.4444444444444,56.6666666666667,19.1162783712058,30,76.6666666666667
Gujarat,Navsari,Bilimora,Onion,Nasik,FAQ,106cbf2f08373602,rolling_mean_5,71,66,25.9615099714943,42,105
Gujarat,Navsari,Bilimora,Onion,Nasik,FAQ,106cbf2f08373602,rolling_mean_7,83.5714285714286,74.2857142857143,27.902892835178,55,121.428571428571
Gujarat,Navsari,Bilimora,Onion,Nasik,FAQ,106cbf2f08373602,rolling_median_5,65,45,28.2842712474619,45,105
Gujarat,Navsari,Bilimora,Onion,Nasik,FAQ,106cbf2f08373602,selected_baseline,31.6666666666667,35,12.4721912892465,15,45
Gujarat,Navsari,Bilimora,Potato,Other,FAQ,deff683fe4455392,historical_mean,428.102978502122,445.644273752202,96.2809499217747,302.395342727604,536.269319026559
Gujarat,Navsari,Bilimora,Potato,Other,FAQ,deff683fe4455392,historical_median,520,562.5,193.207574040633,265,732.5
Gujarat,Navsari,Bilimora,Potato,Other,FAQ,deff683fe4455392,ml_frozen,78.6282757006027,61.1463240673865,49.6732651363795,28.446115744545,146.292387289876
Gujarat,Navsari,Bilimora,Potato,Other,FAQ,deff683fe4455392,ml_refit,80.44425529977,61.2795908222194,52.074419694475,28.446115744545,151.607059332546
Gujarat,Navsari,Bilimora,Potato,Other,FAQ,deff683fe4455392,naive,40,45,26.7706306736817,5,70
Gujarat,Navsari,Bilimora,Potato,Other,FAQ,deff683fe4455392,rolling_mean_3,53.3333333333333,45,39.2286743197994,10,105
Gujarat,Navsari,Bilimora,Potato,Other,FAQ,deff683fe4455392,rolling_mean_5,61.6666666666667,47,45.2941006705681,15,123
Gujarat,Navsari,Bilimora,Potato,Other,FAQ,deff683fe4455392,rolling_mean_7,69.5238095238095,53.5714285714286,48.2846341571686,20,135
Gujarat,Navsari,Bilimora,Potato,Other,FAQ,deff683fe4455392,rolling_median_5,63.3333333333333,45,48.7054639873415,15,130
Gujarat,Navsari,Bilimora,Potato,Other,FAQ,deff683fe4455392,selected_baseline,40,45,26.7706306736817,5,70
Gujarat,Navsari,Bilimora,Tomato,Other,FAQ,f17a4491dc2d8470,historical_mean,616.719039558033,624.442090509017,114.2673611535,473.069064629508,752.645963535573
Gujarat,Navsari,Bilimora,Tomato,Other,FAQ,f17a4491dc2d8470,historical_median,461.666666666667,455,61.4184192422943,390,540
Gujarat,Navsari,Bilimora,Tomato,Other,FAQ,f17a4491dc2d8470,ml_frozen,167.070647741814,159.466801073417,21.6875301529347,145.140109415995,196.605032736031
Gujarat,Navsari,Bilimora,Tomato,Other,FAQ,f17a4491dc2d8470,ml_refit,166.052621758241,157.302124351822,22.2511756752237,144.250708186871,196.605032736031
Gujarat,Navsari,Bilimora,Tomato,Other,FAQ,f17a4491dc2d8470,naive,148.333333333333,140,11.7851130197758,140,165
Gujarat,Navsari,Bilimora,Tomato,Other,FAQ,f17a4491dc2d8470,rolling_mean_3,250.555555555556,236.666666666667,66.726824709426,176.666666666667,338.333333333333
Gujarat,Navsari,Bilimora,Tomato,Other,FAQ,f17a4491dc2d8470,rolling_mean_5,298.333333333333,283,96.1434113996147,189,423
Gujarat,Navsari,Bilimora,Tomato,Other,FAQ,f17a4491dc2d8470,rolling_mean_7,346.428571428571,292.142857142857,136.162168220184,213.571428571429,533.571428571429
Gujarat,Navsari,Bilimora,Tomato,Other,FAQ,f17a4491dc2d8470,rolling_median_5,318.333333333333,330,88.1602077029213,205,420
Gujarat,Navsari,Bilimora,Tomato,Other,FAQ,f17a4491dc2d8470,selected_baseline,148.333333333333,140,11.7851130197758,140,165
Gujarat,Navsari,Navsari,Tomato,Other,FAQ,a756f343bb8d8ca0,historical_mean,507.492321121783,496.288621714139,23.3071238008422,486.248484589469,539.93985706174
Gujarat,Navsari,Navsari,Tomato,Other,FAQ,a756f343bb8d8ca0,historical_median,392.916666666667,245,212.731083504242,240,693.75
Gujarat,Navsari,Navsari,Tomato,Other,FAQ,a756f343bb8d8ca0,ml_frozen,299.059605267669,271.608770761912,124.841852782934,161.74505736855,463.824987672545
Gujarat,Navsari,Navsari,Tomato,Other,FAQ,a756f343bb8d8ca0,ml_refit,296.243409428309,264.975425173989,126.01940077174,159.929815438392,463.824987672545
Gujarat,Navsari,Navsari,Tomato,Other,FAQ,a756f343bb8d8ca0,naive,290.833333333333,283.75,127.165956747691,138.75,450
Gujarat,Navsari,Navsari,Tomato,Other,FAQ,a756f343bb8d8ca0,rolling_mean_3,294.166666666667,233.75,114.261416481227,194.583333333333,454.166666666667
Gujarat,Navsari,Navsari,Tomato,Other,FAQ,a756f343bb8d8ca0,rolling_mean_5,316.666666666667,223.25,146.663210186543,203,523.75
Gujarat,Navsari,Navsari,Tomato,Other,FAQ,a756f343bb8d8ca0,rolling_mean_7,348.214285714286,259.821428571429,160.311996508339,211.607142857143,573.214285714286
Gujarat,Navsari,Navsari,Tomato,Other,FAQ,a756f343bb8d8ca0,rolling_median_5,310.833333333333,230,116.087849876242,227.5,475
Gujarat,Navsari,Navsari,Tomato,Other,FAQ,a756f343bb8d8ca0,selected_baseline,290.833333333333,283.75,127.165956747691,138.75,450
