commodity,method,regime,observations,mae,rmse,smape,bias,median_signed_error,over_rate,under_rate,dimension
Onion,ml_frozen,False,164,79.0488816334763,115.45788614955,6.2152355381407,33.752304821016,24.1038997732501,0.75,0.25,shock
Onion,ml_frozen,True,16,334.141505537307,355.864562630471,27.489609977149,-56.802770758915,-211.56491979918,0.375,0.625,shock
Onion,ml_refit,False,164,80.553947906297,116.55236296278,6.33532636498679,32.6431181827103,23.5924254124129,0.76219512195122,0.23780487804878,shock
Onion,ml_refit,True,16,321.345819725487,343.341859052044,26.4493304177929,-55.9055928289493,-183.503961435102,0.4375,0.5625,shock
Onion,selected_baseline,False,164,59.3423344947735,107.501938931662,4.69012345277305,0.979965156794428,0,0.207317073170732,0.201219512195122,shock
Onion,selected_baseline,True,16,295.3125,318.684967355486,24.3822946800254,-87.7232142857143,-232.142857142857,0.4375,0.5625,shock
Potato,ml_frozen,False,163,50.3939539384874,74.3641382308364,3.59715740570834,-1.29123634842888,0.293427735889964,0.503067484662577,0.496932515337423,shock
Potato,ml_frozen,True,17,241.996653278244,285.419999807942,14.9221045074302,-147.829383285566,-171.46450049916,0.294117647058824,0.705882352941177,shock
Potato,ml_refit,False,163,50.6190621295385,76.0438679730652,3.58358651569466,-6.25819935468332,-3.12911829048949,0.43558282208589,0.56441717791411,shock
Potato,ml_refit,True,17,241.06443930613,286.837203936075,14.9015148612574,-152.65308624996,-180.218000742807,0.235294117647059,0.764705882352941,shock
Potato,selected_baseline,False,163,30.4776511831727,59.9364516770839,2.38671584917158,3.22085889570552,0,0.251533742331288,0.147239263803681,shock
Potato,selected_baseline,True,17,257.773109243697,295.637803205669,16.1243504014329,-146.008403361345,-235.714285714286,0.176470588235294,0.823529411764706,shock
Tomato,ml_frozen,False,167,204.393155007761,283.992922726873,11.297734431504,78.5571296884205,63.5801713286901,0.664670658682635,0.335329341317365,shock
Tomato,ml_frozen,True,13,674.992207135319,759.189048672124,39.1560944185544,58.5318355976253,-302.72319642318,0.384615384615385,0.615384615384615,shock
Tomato,ml_refit,False,167,202.366340067861,282.073937973387,11.1709629869498,71.6841440065518,60.3696240128111,0.610778443113772,0.389221556886228,shock
Tomato,ml_refit,True,13,682.023126274803,765.48954706633,39.6021758728129,58.620315492838,-307.372419393308,0.384615384615385,0.615384615384615,shock
Tomato,selected_baseline,False,167,177.994011976048,275.285643702578,9.76428770076259,31.5868263473054,0,0.311377245508982,0.275449101796407,shock
Tomato,selected_baseline,True,13,848.076923076923,932.402809948576,49.6909458632229,13.4615384615385,-500,0.384615384615385,0.615384615384615,shock
Onion,ml_frozen,1 day,138,94.4636626830833,151.493289775634,7.51326040794016,23.3286880244849,22.54970005522,0.739130434782609,0.260869565217391,gap_band
Onion,ml_frozen,2-3 days,37,125.28780000183,160.167387740187,10.0452950168887,38.5268027513741,32.8083843509501,0.648648648648649,0.351351351351351,gap_band
Onion,ml_frozen,4+ days,5,127.729325230766,138.655261933132,10.1253071937671,-3.66339813515397,68.9865427647301,0.6,0.4,gap_band
Onion,ml_refit,1 day,138,94.1753102907652,149.751029202857,7.49162609072642,23.3997849182294,21.8146246116557,0.760869565217391,0.239130434782609,gap_band
Onion,ml_refit,2-3 days,37,124.896966245803,155.628525955837,10.0076116887843,34.2202276260151,31.0686998486015,0.648648648648649,0.351351351351351,gap_band
Onion,ml_refit,4+ days,5,147.000000204042,156.93214172737,11.6113555074508,-7.26736883538169,72.6430142608463,0.6,0.4,gap_band
Onion,selected_baseline,1 day,138,70.1086956521739,137.406699813018,5.61620172877211,-5.25362318840579,0,0.195652173913043,0.188405797101449,gap_band
Onion,selected_baseline,2-3 days,37,110.907335907336,145.192067099389,8.94317506921833,-1.06177606177606,0,0.351351351351351,0.351351351351351,gap_band
Onion,selected_baseline,4+ days,5,135.714285714286,164.161443682238,10.6727290007113,-95.7142857142857,-100,0.2,0.6,gap_band
Potato,ml_frozen,1 day,140,57.1312486800511,92.2215741014315,4.0123564713249,-3.50251223740163,-0.361811096504994,0.492857142857143,0.507142857142857,gap_band
Potato,ml_frozen,2-3 days,35,91.0207294312331,146.13823119658,5.81784463658,-32.2566441426189,-0.696496939189956,0.485714285714286,0.514285714285714,gap_band
Potato,ml_frozen,4+ days,5,228.811450480656,263.872646214935,14.9315930981973,-220.847356484128,-243.0815117567,0.2,0.8,gap_band
Potato,ml_refit,1 day,140,55.964134424781,91.7172302738323,3.92812997702786,-9.47783104997504,-4.92935853960887,0.421428571428571,0.578571428571429,gap_band
Potato,ml_refit,2-3 days,35,98.3375463231486,155.335805668368,6.2069431728286,-35.5267515237279,-2.82029652835035,0.428571428571429,0.571428571428571,gap_band
Potato,ml_refit,4+ days,5,214.441930907889,252.606646295201,14.053829373341,-208.971262147145,-196.526747637468,0.2,0.8,gap_band
Potato,selected_baseline,1 day,140,39.8214285714286,81.6978406814505,2.99355510023633,-1.91326530612245,0,0.235714285714286,0.171428571428571,gap_band
Potato,selected_baseline,2-3 days,35,74.6938775510204,147.84654403499,4.78869981831539,-17.1428571428571,0,0.285714285714286,0.285714285714286,gap_band
Potato,selected_baseline,4+ days,5,232.142857142857,272.727156771775,15.2892865130405,-217.857142857143,-300,0.2,0.8,gap_band
Tomato,ml_frozen,1 day,169,223.660930298192,319.959566068595,12.3090950252698,62.3518788017954,59.6649949462699,0.644970414201183,0.355029585798817,gap_band
Tomato,ml_frozen,2-3 days,4,451.83097517761,530.601465005398,23.8704313500419,224.710127069095,238.963029497145,0.75,0.25,gap_band
Tomato,ml_frozen,4+ days,7,471.790636850057,601.698338836653,31.4331561187995,349.092356422223,219.39168142732,0.571428571428571,0.428571428571429,gap_band
Tomato,ml_refit,1 day,169,222.45837756362,319.4942843932,12.238154344876,56.0349476003035,58.1499361251426,0.591715976331361,0.408284023668639,gap_band
Tomato,ml_refit,2-3 days,4,448.349241089223,529.356246140244,23.6306097132321,221.228392980707,231.999561320371,0.75,0.25,gap_band
Tomato,ml_refit,4+ days,7,467.516665756654,601.58374630647,31.0869402900301,339.785204875275,162.991425651612,0.571428571428571,0.428571428571429,gap_band
Tomato,selected_baseline,1 day,169,207.100591715976,340.455229528949,11.2950558196469,20.7100591715976,0,0.307692307692308,0.29585798816568,gap_band
Tomato,selected_baseline,2-3 days,4,418.75,493.235491423721,21.9293196730747,106.25,200,0.5,0.25,gap_band
Tomato,selected_baseline,4+ days,7,582.142857142857,696.48351431623,40.0052328623757,217.857142857143,0,0.428571428571429,0.428571428571429,gap_band
Onion,ml_frozen,high,12,126.901111466206,161.868624846179,10.3259933450624,54.2672459962709,42.8004278965551,0.75,0.25,volatility_band
Onion,ml_frozen,low,101,60.8257630446446,98.5862961048213,4.68537767620433,17.2271190363028,19.05768654649,0.732673267326733,0.267326732673267,volatility_band
Onion,ml_frozen,medium,67,158.866645841544,208.633678270211,12.8656316783891,33.3639952818231,53.6880567016999,0.686567164179104,0.313432835820896,volatility_band
Onion,ml_refit,high,12,109.400080712314,145.421356213583,8.95062064207244,47.7047555259976,30.6848910538546,0.75,0.25,volatility_band
Onion,ml_refit,low,101,63.7639826704806,101.836249083714,4.91367568780612,20.2829571402117,16.927977453292,0.762376237623762,0.237623762376238,volatility_band
Onion,ml_refit,medium,67,158.20025901454,204.894848297803,12.8133450502871,27.4320322272829,44.9131981000978,0.686567164179104,0.313432835820896,volatility_band
Onion,selected_baseline,high,12,105.952380952381,146.152469078312,8.64845560873011,-14.2857142857143,0,0.25,0.416666666666667,volatility_band
Onion,selected_baseline,low,101,37.3762376237624,85.2170573180693,2.86554389612877,-7.67326732673267,0,0.108910891089109,0.138613861386139,volatility_band
Onion,selected_baseline,medium,67,140.45842217484,194.340520458734,11.4342620943495,-4.42430703624733,0,0.402985074626866,0.343283582089552,volatility_band
Potato,ml_frozen,high,45,84.0719680766348,135.344219615224,5.31431333733766,-29.9778890492668,-5.14615124550005,0.444444444444444,0.555555555555556,volatility_band
Potato,ml_frozen,low,83,58.5768472810947,101.342631026605,4.21687970732532,-11.2116112067311,-2.77538844998003,0.469879518072289,0.530120481927711,volatility_band
Potato,ml_frozen,medium,52,70.82770596008,108.268006582212,4.82437149747263,-8.53850583217,4.48250142703,0.538461538461538,0.461538461538462,volatility_band
Potato,ml_refit,high,45,90.4230901707156,139.022045888695,5.64995238870922,-40.3045143709399,-12.06129841913,0.377777777777778,0.622222222222222,volatility_band
Potato,ml_refit,low,83,58.7204481569824,105.587626243055,4.18586588197301,-17.9203270144304,-4.6788054771182,0.385542168674699,0.614457831325301,volatility_band
Potato,ml_refit,medium,52,65.5031988578316,102.487641984152,4.53414671161407,-6.04035908024403,1.17932727342384,0.5,0.5,volatility_band
Potato,selected_baseline,high,45,64.5238095238095,133.676217278017,4.15930639407666,-13.7301587301587,0,0.155555555555556,0.266666666666667,volatility_band
Potato,selected_baseline,low,83,45.6368330464716,101.397870556684,3.45763735570447,-10.4388984509466,0,0.192771084337349,0.156626506024096,volatility_band
Potato,selected_baseline,medium,52,51.1263736263736,89.2166766059764,3.6345375381232,-9.09340659340659,0,0.403846153846154,0.25,volatility_band
Tomato,ml_frozen,high,89,267.066958099976,376.363513331286,12.9938890904621,132.269151192388,116.82201051472,0.707865168539326,0.292134831460674,volatility_band
Tomato,ml_frozen,low,21,161.634481986922,226.150964446835,10.3158619225242,-49.4243821032881,4.08241630637008,0.571428571428571,0.428571428571429,volatility_band
Tomato,ml_frozen,medium,70,224.932459806172,322.508702510684,14.6094521154033,44.9416012683123,26.8794557219049,0.585714285714286,0.414285714285714,volatility_band
Tomato,ml_refit,high,89,264.482838593319,374.716928970394,12.8532092880554,127.057517761305,105.304519941201,0.674157303370786,0.325842696629214,volatility_band
Tomato,ml_refit,low,21,160.313214658489,228.115826017836,10.1615074179764,-54.7903164269358,-2.80701297716087,0.428571428571429,0.571428571428571,volatility_band
Tomato,ml_refit,medium,70,225.084704146737,323.278465049416,14.6150260393249,36.7970530672935,21.709653703191,0.542857142857143,0.457142857142857,volatility_band
Tomato,selected_baseline,high,89,253.651685393258,411.056804625849,12.2392527184738,68.8202247191011,0,0.337078651685393,0.280898876404494,volatility_band
Tomato,selected_baseline,low,21,147.619047619048,238.047614284762,9.40509824423594,-90.4761904761905,0,0.0952380952380952,0.428571428571429,volatility_band
Tomato,selected_baseline,medium,70,215.357142857143,332.294512228449,14.1402541025161,17.5,0,0.357142857142857,0.285714285714286,volatility_band
