state,district,market,commodity,variety,grade,series_id,method,window,observations,mae,rmse,smape,bias,median_signed_error,over_rate,under_rate
Gujarat,Navsari,Bilimora,Onion,Nasik,FAQ,106cbf2f08373602,naive,1,20,15,38.7298334620742,1.06002554278416,-5,0,0.05,0.1
Gujarat,Navsari,Bilimora,Onion,Nasik,FAQ,106cbf2f08373602,rolling_median_5,2,20,45,86.6025403784439,3.15873015873016,-15,0,0.15,0.15
Gujarat,Navsari,Bilimora,Onion,Nasik,FAQ,106cbf2f08373602,naive,3,20,35,74.1619848709566,2.70546265328874,-15,0,0.1,0.15
Gujarat,Dahod,Dahod (Veg. Market),Onion,Onion,FAQ,240bef14621574cd,rolling_median_5,1,20,192.5,235.849528301415,15.1435867269977,-22.5,25,0.5,0.4
Gujarat,Dahod,Dahod (Veg. Market),Onion,Onion,FAQ,240bef14621574cd,rolling_median_5,2,20,185,222.48595461287,16.1146400062001,-25,0,0.4,0.4
Gujarat,Dahod,Dahod (Veg. Market),Onion,Onion,FAQ,240bef14621574cd,rolling_median_5,3,20,150,189.736659610103,11.6304661522053,-10,0,0.35,0.4
Gujarat,Dahod,Dahod (Veg. Market),Potato,Potato,FAQ,314b4dfffac5b7bc,rolling_mean_5,1,20,67.5,84.5281018360166,5.72256449408293,14.5,20,0.6,0.4
Gujarat,Dahod,Dahod (Veg. Market),Potato,Potato,FAQ,314b4dfffac5b7bc,rolling_median_5,2,20,87.5,128.937969582276,6.90721276414468,-37.5,0,0.2,0.35
Gujarat,Dahod,Dahod (Veg. Market),Potato,Potato,FAQ,314b4dfffac5b7bc,rolling_mean_3,3,20,75,128.235893744476,5.35792566197645,-18.3333333333334,16.6666666666666,0.5,0.25
Gujarat,Dahod,Dahod (Veg. Market),Tomato,Tomato,FAQ,518f332aced6b913,naive,1,20,275,381.772183376421,13.6588622175353,90,0,0.35,0.25
Gujarat,Dahod,Dahod (Veg. Market),Tomato,Tomato,FAQ,518f332aced6b913,naive,2,20,135,226.936114358204,11.0720387606783,-25,0,0.2,0.25
Gujarat,Dahod,Dahod (Veg. Market),Tomato,Tomato,FAQ,518f332aced6b913,rolling_mean_5,3,20,270,387.76281410161,16.8039544638854,-12,-100,0.3,0.6
Gujarat,Kheda,Kapadvanj,Onion,Other,FAQ,a71c104fe631e8bb,naive,1,20,7.5,25,0.566448801742919,-7.5,0,0,0.1
Gujarat,Kheda,Kapadvanj,Onion,Other,FAQ,a71c104fe631e8bb,naive,2,20,18.75,65.431261641512,1.5531660692951,18.75,0,0.1,0
Gujarat,Kheda,Kapadvanj,Onion,Other,FAQ,a71c104fe631e8bb,naive,3,20,43.75,87.8564169540279,3.7603777394876,-6.25,0,0.15,0.15
Gujarat,Navsari,Navsari,Tomato,Other,FAQ,a756f343bb8d8ca0,naive,1,20,450,633.689592781829,17.4268761668579,125,62.5,0.5,0.3
Gujarat,Navsari,Navsari,Tomato,Other,FAQ,a756f343bb8d8ca0,naive,2,20,138.75,207.289049397212,9.61960618971736,-18.75,0,0.35,0.35
Gujarat,Navsari,Navsari,Tomato,Other,FAQ,a756f343bb8d8ca0,rolling_mean_5,3,20,203,333.061555872184,12.6074793697082,37.5,52.5,0.65,0.35
Gujarat,Kheda,Kapadvanj,Potato,Other,FAQ,d6e713530bb54f8c,naive,1,20,10,34.4601218802256,0.919924079056559,5,0,0.05,0.1
Gujarat,Kheda,Kapadvanj,Potato,Other,FAQ,d6e713530bb54f8c,naive,2,20,11.25,32.7299556981063,1.01612847995069,-8.75,0,0.05,0.1
Gujarat,Kheda,Kapadvanj,Potato,Other,FAQ,d6e713530bb54f8c,naive,3,20,71.25,160.370664399696,5.1603321153037,-1.25,0,0.2,0.1
Gujarat,Navsari,Bilimora,Potato,Other,FAQ,deff683fe4455392,naive,1,20,5,22.3606797749979,0.285714285714286,5,0,0.05,0
Gujarat,Navsari,Bilimora,Potato,Other,FAQ,deff683fe4455392,rolling_mean_3,2,20,45,96.3212218453326,2.43001942990299,-15,0,0.1,0.2
Gujarat,Navsari,Bilimora,Potato,Other,FAQ,deff683fe4455392,naive,3,20,70,141.42135623731,3.31643651155846,-50,0,0.05,0.25
Gujarat,Navsari,Bilimora,Tomato,Other,FAQ,f17a4491dc2d8470,naive,1,20,165,283.725219182222,6.76668993438503,85,0,0.3,0.1
Gujarat,Navsari,Bilimora,Tomato,Other,FAQ,f17a4491dc2d8470,naive,2,20,140,184.390889145858,9.26535290558061,0,0,0.3,0.35
Gujarat,Navsari,Bilimora,Tomato,Other,FAQ,f17a4491dc2d8470,naive,3,20,140,262.678510731274,8.09265061646965,20,0,0.2,0.2
